plataforma,tipo_fonte,titulo,autor_marca,preco_principal,moeda,publico_alvo,url_pagina_vendas,copy_resumo,qtd_visualizacoes_pagina_publica,qtd_avaliacoes,avaliacao_media,paginas_ou_duracao,fonte_1,observacoes,copy_integral_publica,copy_integral_origem,copy_integral_arquivo
Hotmart,ebook,Indisciplina na Sala de Aula: Um Guia Prático para Professores,nao publico,nao publico,BRL,professores da Educacao Infantil ao Ensino Fundamental,https://hotmart.com/pt-br/marketplace/produtos/indisciplina-na-sala-de-aula-um-guia-pratico-para-professores/C99820575M,"Guia direto, acessivel e embasado para lidar com indisciplina com estrategias reais, empatia e pratica.",nao publico,nao publico,nao publico,nao publico,https://hotmart.com/pt-br/marketplace/produtos/indisciplina-na-sala-de-aula-um-guia-pratico-para-professores/C99820575M,"Tem bonus de checklist diagnostico, modelos de bilhetes, guia de reuniao com pais, poster e planner.","Transforme o caos em convivência com estratégias reais, empáticas e aplicáveis. Você sente que está sempre apagando incêndios em sala de aula? Você não...

Transforme o caos em convivência com estratégias reais, empáticas e aplicáveis.

Você sente que está sempre apagando incêndios em sala de aula?

Você não está sozinho.

A indisciplina é uma das maiores causas de estresse e desgaste dos professores atualmente. As salas estão lotadas, os desafios são múltiplos, e as cobranças só aumentam. Mas é possível transformar esse cenário com mais clareza, consciência e prática — e este eBook vai te ajudar nesse caminho.

O que é este eBook?

É um guia direto, acessível e embasado, feito para professores que buscam estratégias reais e possíveis para lidar com a indisciplina no dia a dia da escola.

Criado por um psicopedagogo Sistêmico com experiência em educação socioemocional, sala de aula e orientação de pais, o conteúdo une teoria, prática e humanidade.

Você vai explorar:

- Identificar as causas reais da indisciplina nos tempos de hoje

- Trabalhar com a turma usando competências socioemocionais

- Criar um ambiente mais organizado e favorável à aprendizagem

- Dialogar com os alunos de forma firme e acolhedora

- Envolver as famílias com empatia e postura profissional

- Fortalecer sua autoridade sem recorrer ao grito

Para quem é esse material?

- Professores da Educação Infantil ao Ensino Fundamental

- Educadores iniciantes ou em transição de área

- Professores que desejam renovar sua prática com base na convivência

- Coordenadores e orientadores que apoiam o corpo docente

- Qualquer profissional que sente que a indisciplina tem afetado sua rotina e bem-estar

O que está incluso no eBook:

- Guia com linguagem acessível e fundamentação teórica

- Textos reflexivos e explicativos sobre comportamento e desenvolvimento

- Modelos prontos de bilhetes e comunicados

- Estratégias práticas para aplicar imediatamente

- Atividades e sugestões de rotina com foco socioemocional

BÔNUS EXCLUSIVOS (disponíveis na compra):

- Checklist Diagnóstico Comportamento

- Modelos de Bilhetes Prontos

- Guia Reunião com pais

- Poster com Dicas

- Planner

Indisciplina na Sala de Aula: Um Guia Prático para Professores

Comece na Hotmart gratuitamente

Poucos passos, muitas possibilidades",hotmart_visible_paragraphs,Content/base_de_dados/ebooks_gestao_sala/raw/copy_texts/hotmart-indisciplina-na-sala-de-aula-um-guia-pr-tico-para-professores.md
Hotmart,ebook,Vença a Indisciplina Escolar,Laerte Sandyego Andrade Oliveira,nao publico,BRL,professores e gestores escolares,https://hotmart.com/pt-br/marketplace/produtos/venca-a-indisciplina-escolar/C102320105O,"E-book com solucoes praticas, reflexivas e eficazes para transformar o clima da sala, retomar o controle e ensinar com mais confiança.",nao publico,nao publico,nao publico,nao publico,https://hotmart.com/pt-br/marketplace/produtos/venca-a-indisciplina-escolar/C102320105O,Autor com mais de 13 anos de atuacao em ensino e gestao escolar.,"A indisciplina é um dos maiores desafios da educação contemporânea — e, para muitos professores, é o que mais causa desgaste, desmotivação e sensação de...

A indisciplina é um dos maiores desafios da educação contemporânea — e, para muitos professores, é o que mais causa desgaste, desmotivação e sensação de impotência dentro da sala de aula. Pensando nisso, o e-book “Vença a Indisciplina na Sala de Aula” foi desenvolvido para oferecer soluções práticas, reflexivas e eficazes, baseadas na experiência real de gestão escolar e liderança pedagógica.

Escrito por Laerte Sandyego, diretor educacional com mais de 13 anos de atuação no ensino e gestão de escolas particulares, o material apresenta estratégias claras e testadas para transformar o clima da sala de aula, conquistar o respeito dos alunos e restabelecer o prazer de ensinar.

O e-book “Vença a Indisciplina Escolar” apresenta um conteúdo completo e transformador para professores que desejam retomar o controle da sala de aula com confiança, empatia e resultados reais. Nele, você vai encontrar as principais causas da indisciplina e aprender a identificá-las na prática, além de conhecer técnicas eficazes de prevenção e manejo de comportamentos difíceis. O material mostra como desenvolver uma liderança ativa e respeitosa, o papel da escola e da família na construção da disciplina, e como aplicar uma comunicação assertiva com regras claras e consistentes. Também traz estratégias para lidar com conflitos, manter o equilíbrio emocional e exemplos reais que inspiram e fortalecem o propósito de educar.

Mais do que um simples guia, este e-book é um verdadeiro manual de transformação, pensado para o professor que busca respeito, harmonia e engajamento dentro da sala de aula. Com ele, você aprenderá a dominar estratégias práticas de gestão, manter o foco dos alunos com métodos comprovados, reduzir o estresse e o cansaço docente e desenvolver uma postura mais segura e equilibrada diante dos desafios do cotidiano escolar.

Ao aplicar as técnicas apresentadas, será possível aumentar o respeito e o envolvimento dos alunos, melhorar o clima e reencontrar o brilho da profissão.

Vença a Indisciplina Escolar

Comece na Hotmart gratuitamente

Poucos passos, muitas possibilidades",hotmart_visible_paragraphs,Content/base_de_dados/ebooks_gestao_sala/raw/copy_texts/hotmart-ven-a-a-indisciplina-escolar.md
Hotmart,ebook,Indisciplina Escolar na Prática — O que Fazer Quando o Aluno Não Respeita Limites,Fequito Gomes,nao publico,BRL,professores da educacao basica,https://hotmart.com/pt-br/marketplace/produtos/indisciplina-escolar-na-pratica-o-que-fazer-quando-o-aluno-nao-respeita-limites/T105166777A,"Guia pratico com 30 scripts prontos, 5 passos de intervencao e estrategias para casos desafiadores.",nao publico,nao publico,nao publico,nao publico,https://hotmart.com/pt-br/marketplace/produtos/indisciplina-escolar-na-pratica-o-que-fazer-quando-o-aluno-nao-respeita-limites/T105166777A,"Enfatiza autoridade afetiva, protecao juridica e plano de acao de 30 dias.","O guia mais prático e direto sobre gestão de comportamento em sala de aula: 30 scripts prontos, protocolo de intervenção em 5 passos e estratégias reais...

O guia mais prático e direto sobre gestão de comportamento em sala de aula: 30 scripts prontos, protocolo de intervenção em 5 passos e estratégias reais para os casos mais desafiadores. Para professores que precisam de ferramenta — não de teoria.

O guia cobre: por que a indisciplina aumentou e os 4 tipos que existem; os 6 erros que todo professor comete e como parar de cometê-los; a psicologia por trás do comportamento — o que o aluno está buscando; como prevenir com ambiente, rotina e regras; protocolo de intervenção em 5 passos com o que dizer e o que nunca dizer; 30 scripts prontos para cada situação — aluno que grita, que recusa, que agride, que usa celular; como agir com alunos com TDAH, TEA, ansiedade e trauma; gestão sistêmica com PBS e contrato de comportamento pronto; como conversar com famílias difíceis; proteção jurídica do professor; e plano de ação de 30 dias.

Para professores da educação básica que querem recuperar a autoridade afetiva da sala. Criado por Fequito Gomes, diretor escolar. 2026.

Indisciplina Escolar na Prática — O que Fazer Quando o Aluno Não Respeita Limites

Comece na Hotmart gratuitamente

Poucos passos, muitas possibilidades",hotmart_visible_paragraphs,Content/base_de_dados/ebooks_gestao_sala/raw/copy_texts/hotmart-indisciplina-escolar-na-pr-tica-o-que-fazer-quando-o-aluno-n-o-respeita-limites.md
Hotmart,ebook,A Liga da Indisciplina,Prof. Taty (Tatiane Schmidt),nao publico,BRL,professores dos anos iniciais,https://hotmart.com/pt-br/marketplace/produtos/a-liga-da-indisciplina/N104126364R,"Narrativa envolvente para trabalhar emocoes, comportamento e convivencia sem acusar a crianca.",nao publico,nao publico,nao publico,nao publico,https://hotmart.com/pt-br/marketplace/produtos/a-liga-da-indisciplina/N104126364R,"Material inclui historia completa, orientacoes, dinamica pratica e sugestoes de conversa.","E se o barulho da sua turma fosse um pedido de ajuda disfarçado? Este ebook apresenta uma história envolvente e uma proposta prática para trabalhar...

E se o barulho da sua turma fosse um pedido de ajuda disfarçado?

Este ebook apresenta uma história envolvente e uma proposta prática para trabalhar emoções, comportamento e convivência em sala de aula, ajudando professores a olharem para a indisciplina além da ideia de desobediência.

Por meio dos personagens da Liga da Indisciplina, as crianças são convidadas a reconhecer sentimentos, compreender limites e perceber que conversar é sempre o primeiro passo para resolver conflitos. A narrativa cria identificação sem acusar, permitindo que o aluno se reconheça nas situações apresentadas de forma leve e respeitosa.

Mais do que uma história, este material oferece ao educador um caminho para:

compreender o comportamento infantil como forma de comunicação;

abrir espaço para o diálogo e a escuta em sala de aula;

trabalhar emoções e combinados de forma lúdica;

transformar conflitos em oportunidades de aprendizagem.

O ebook traz:

✔️ a história completa da Liga da Indisciplina;

✔️ orientações para condução em sala de aula;

✔️ uma dinâmica prática para trabalhar comportamento e emoções;

✔️ sugestões de conversa e reflexão com os alunos;

Este material não tem como objetivo silenciar a turma, mas ajudar o professor a compreender o que está por trás do comportamento e construir, junto com os alunos, um ambiente mais tranquilo, respeitoso e colaborativo.

Quando a criança é escutada, o comportamento encontra caminho.

A Liga da Indisciplina

Comece na Hotmart gratuitamente

Poucos passos, muitas possibilidades",hotmart_visible_paragraphs,Content/base_de_dados/ebooks_gestao_sala/raw/copy_texts/hotmart-a-liga-da-indisciplina.md
Hotmart,ebook,Sistema Zerando a Indisciplina,Maria Caroline de Jesus Moreira,nao publico,BRL,professores do Ensino Fundamental,https://hotmart.com/pt-br/marketplace/produtos/sistema-zerando-a-indisciplina/K100050468D,Formacao pratica para assumir o controle da sala com um sistema simples e direto baseado em estrategias comprovadas.,nao publico,nao publico,nao publico,nao publico,https://hotmart.com/pt-br/marketplace/produtos/sistema-zerando-a-indisciplina/K100050468D,Destaca 3 pilares da gestao de sala de aula eficaz.,"A formação definitiva para você assumir o controle da sua sala. Se você é professora do Ensino Fundamental, provavelmente saiu da faculdade cheia de...

A formação definitiva para você assumir o controle da sua sala.

Se você é professora do Ensino Fundamental, provavelmente saiu da faculdade cheia de conteúdos sobre didática, alfabetização e teorias do desenvolvimento… mas ninguém te ensinou como lidar com o que mais atrapalha o seu dia a dia: a INDISCIPLINA.

Essa é a grande FALHA da formação docente. E é justamente isso que o Sistema Zerando a Indisciplina veio resolver.

Neste curso, você vai aprender um sistema simples, direto e comprovado — baseado em estratégias usadas em escolas do mundo todo, fundamentadas em evidências científicas e adaptadas à realidade brasileira.

Você vai dominar os 3 pilares da gestão de sala de aula eficaz:

✔ Como criar regras que os alunos realmente respeitam

✔ Como aplicar consequências sem se exaltar, com neutralidade e constância

✔ Como usar procedimentos para organizar a rotina e prevenir a indisciplina antes que ela aconteça

Tudo explicado em aulas curtas, práticas e objetivas, pra você aplicar com segurança desde a primeira semana.

Além disso, você recebe um bônus exclusivo: o Plano de Implementação em 10 Dias, que mostra passo a passo como colocar o sistema em prática, mesmo se sua turma for agitada ou resistente a mudanças. E não acaba aí: você recebe todos os recursos prontos para imprimir e aplicar. Cartazes, fichas, bilhetes, formulários e muito mais.

Chega de se desgastar com sermões, gritos e ameaças.

Você não precisa mais sentir que perdeu o controle da sala.

Existe um caminho. E ele começa aqui.

SISTEMA ZERANDO A INDISCIPLINA.

O curso que deveria ter feito parte da sua formação inicial — mas que, agora, vai transformar a sua sala de aula.

Sistema Zerando a Indisciplina

Comece na Hotmart gratuitamente

Poucos passos, muitas possibilidades",hotmart_visible_paragraphs,Content/base_de_dados/ebooks_gestao_sala/raw/copy_texts/hotmart-sistema-zerando-a-indisciplina.md
Hotmart,ebook,Da Indisciplina ao Engajamento,nao publico,nao publico,BRL,professores e educadores,https://hotmart.com/pt-br/marketplace/produtos/da-indisciplina-ao-engajamento/J101543415I,"Propõe transformar indisciplina em participacao ativa e engajamento genuino com teoria, pratica e empatia.",nao publico,nao publico,nao publico,nao publico,https://hotmart.com/pt-br/marketplace/produtos/da-indisciplina-ao-engajamento/J101543415I,Autor nao exibido no recorte recuperado.,"Este livro ""Da Indisciplina ao Engajamento"" é um convite à reflexão e à prática para todos que enfrentam os desafios da indisciplina em sala de aula e...

Este livro ""Da Indisciplina ao Engajamento"" é um convite à reflexão e à prática para todos que enfrentam os desafios da indisciplina em sala de aula e buscam transformá-la em participação ativa e engajamento genuíno. Mais do que tratar a indisciplina como um obstáculo, a obra propõe compreendê-la como um ponto de partida para construir relações mais saudáveis, ambientes de aprendizagem mais produtivos e processos de convivência mais respeitosos.

Com uma linguagem clara e acessível, a autora apresenta estratégias, reflexões e recursos práticos que mostram como transformar comportamentos dispersos ou resistentes em motivação, pertencimento e envolvimento. Através de uma abordagem que une teoria e prática, o livro revela que o engajamento não nasce da imposição, mas do diálogo, da escuta, da empatia, de aulas bem planejadas e da criação de vínculos significativos para todos os envolvidos no processo de ensino e aprendizagem.

Da Indisciplina ao Engajamento

Comece na Hotmart gratuitamente

Poucos passos, muitas possibilidades",hotmart_visible_paragraphs,Content/base_de_dados/ebooks_gestao_sala/raw/copy_texts/hotmart-da-indisciplina-ao-engajamento.md
Hotmart,curso,Como trabalhar indisciplina escolar,Túria Costa Lopes,nao publico,BRL,professores,https://hotmart.com/pt-br/marketplace/produtos/como-trabalhar-indisciplina-escolar/H5972348T,"Curso com atividades e estrategias para manter alunos atentos, interessados e disciplinados.",nao publico,11,4.5,nao publico,https://hotmart.com/pt-br/marketplace/produtos/como-trabalhar-indisciplina-escolar/H5972348T,"Inclui bonus como palestra, ebook de feedback e documentos prontos.","Um curso online para professores que queiram aprender atividades e estratégias para manter os alunos atentos, interessados, disciplinados e, portanto,...

Um curso online para professores que queiram aprender atividades e estratégias para manter os alunos atentos, interessados, disciplinados e, portanto, aprendendo mais.

É um curso baseado em estudos realizados com professores eficazes nos Estados Unidos que ajudaram alunos com diversos problemas de comportamento e social a terem um melhor desempenho e ótima disciplina.

Mas será que é possível amenizar episódios de indisciplina mesmo sem ajuda dos pais? Sim, segundo esses autores abaixo e muitos outros.

Crowley , 1993; Ferguson & Howton, 1992; Hattie.J., 2012; Haughton et. al., 1990; Parsa, 1996; Kyle, 1991; Sherrill, et. al., 1996; Jones & Versilind, 1995; Morrison, et. al. 1993; Crowley, 1993; Sartipi, 1992; Shahmoradi, 1999; Wallace, 1994

Aproveite esta oportunidade e comece seu curso com técnicas práticas e fáceis de serem aplicadas em sala de aula neste mês e GANHE 4 BÔNUS:

- 1 palestra sobre Mentalidade de crescimento

- 1 ebook sobre Tipos de feedback

- 2 documentos em word, o ""Acordo de comportamento"" que será importantíssimo para te ajudar a traçar e acompanhar as metas de mudança de comportamento e o ""Registro das técnicas"" para acompanhar a aplicação das técnicas.

Como trabalhar indisciplina escolar

Comece na Hotmart gratuitamente

Poucos passos, muitas possibilidades",hotmart_visible_paragraphs,Content/base_de_dados/ebooks_gestao_sala/raw/copy_texts/hotmart-como-trabalhar-indisciplina-escolar.md
Hotmart,ebook,Tudo sobre o Professor,Professora Mariana / Coração de Educador,nao publico,BRL,professores e familias,https://hotmart.com/pt-br/marketplace/produtos/tudo-sobre-o-professor/T90055920M,"Material para criar vinculo mais proximo e pessoal entre professores, alunos e familias.",nao publico,10,3.1,nao publico,https://hotmart.com/pt-br/marketplace/produtos/tudo-sobre-o-professor/T90055920M,Produto editavel em Word e pode ser personalizado com foto.,"🍎 Conheça o Professor! 🌈 Objetivo do Material: 🎯O nosso especial ""Tudo Sobre o Professor"" tem como objetivo criar um vínculo mais próximo e pessoal entre...

🍎 Conheça o Professor! 🌈

Objetivo do Material:

🎯O nosso especial ""Tudo Sobre o Professor"" tem como objetivo criar um vínculo mais próximo e pessoal entre professores, alunos e famílias. Queremos transformar a relação em sala de aula, tornando-a mais humana, afetiva e transparente.

👉Editável e pode personalizar com sua foto

👉Você pode compartilhar suas histórias

👉Perfeito para reuniões e sala de aula

👉ARQUIVO EDITÁVEL NO WORD

Tudo sobre o Professor

Comece na Hotmart gratuitamente

Poucos passos, muitas possibilidades",hotmart_visible_paragraphs,Content/base_de_dados/ebooks_gestao_sala/raw/copy_texts/hotmart-tudo-sobre-o-professor.md
Clube de Autores,ebook,Da sala de aula à gestão da escola,Adaires Rodrigues de Sousa,"R$ 47,37",BRL,"gestores, professores e comunidade escolar",https://clubedeautores.com.br/livro/da-sala-de-aula-a-gestao-da-escola,"Roteiro efetivo para elaborar o PPP com participacao de todos, com 72 sequencias didaticas.",1328,nao publico,nao publico,100,https://clubedeautores.com.br/livro/da-sala-de-aula-a-gestao-da-escola,Categorias incluem Gestão Da Sala De Aula; edicao de 2025.,"Sinopse

O Projeto Político-Pedagógico (PPP) é muito mais que um documento: é a identidade viva da escola. No entanto, em muitos contextos, sua elaboração acaba reduzida a um exercício burocrático, distante do cotidiano e da participação da comunidade.",clube_summary,Content/base_de_dados/ebooks_gestao_sala/raw/copy_texts/clube-de-autores-da-sala-de-aula-gest-o-da-escola.md
Clube de Autores,ebook,ANÁLISE SOBRE A INDISCIPLINA ESCOLAR,ALINE SILVA,"ebook R$ 18,00",BRL,leitores interessados em convivencia escolar,https://clubedeautores.com.br/livro/analise-sobre-a-indisciplina-escolar,Livro sobre as faces da indisciplina escolar e caminhos para solucionar ou amenizar os problemas.,1814,nao publico,nao publico,75,https://clubedeautores.com.br/livro/analise-sobre-a-indisciplina-escolar,Perfil do autor exibido na pagina e assinatura de perfil podem divergir.,"Este é um excelente livro sobre a indisciplina no espaço escolar. Aqui mostramos as faces desse problema social, apontamos caminhos para solucionar ou amenizar tais problemas. Um livro muito bem pesquisado e de excelente escrita. Com certeza, o leitor sairá de sua leitura muito enriquecido.

Sinopse",clube_summary,Content/base_de_dados/ebooks_gestao_sala/raw/copy_texts/clube-de-autores-an-lise-sobre-a-indisciplina-escolar.md
Clube de Autores,ebook,Gestão da Sala de Aula Integrada ao Uso de IAS.,VAGNER BRAZ,"R$ 29,56",BRL,educadores e adultos em educacao continuada,https://clubedeautores.com.br/livro/gestao-da-sala-de-aula-integrada-ao-uso-de-ias,"Obra sobre gestao de sala de aula com IA, a partir do chão da escola publica brasileira.",128,nao publico,nao publico,nao publico,https://clubedeautores.com.br/livro/gestao-da-sala-de-aula-integrada-ao-uso-de-ias,"Sinopse enfatiza urgencias, recursos escassos e sobrecarga docente.","Sinopse

Vivemos um tempo em que a inteligência artificial não é mais uma possibilidade futura, mas uma presença concreta — silenciosa e insistente — no cotidiano das escolas. Ela já respira entre os quadros e as carteiras, circula nas mãos dos estudantes, influencia decisões e convoca os educadores a novos posicionamentos. Diante disso, este livro não nasce apenas como uma análise técnica ou uma cartilha de aplicações. Ele nasce como um gesto ético, uma escuta comprometida e uma escrita insurgente.",clube_summary,Content/base_de_dados/ebooks_gestao_sala/raw/copy_texts/clube-de-autores-gest-o-da-sala-de-aula-integrada-ao-uso-de-ias.md
Google Books,literatura,Indisciplina e disciplina escolar: fundamentos para o trabalho docente,Celso dos Santos Vasconcellos,nao publico,BRL,professores e formacao docente,https://books.google.com/books/about/Indisciplina_e_disciplina_escolar.html?id=C56fEAAAQBAJ,"Aborda disciplina na escola e na sociedade, com perspectivas de intervencao, convivencia, autonomia e autoridade pedagogica.",nao publico,nao publico,nao publico,204,https://books.google.com/books/about/Indisciplina_e_disciplina_escolar.html?id=C56fEAAAQBAJ,"Cortez Editora, 2022.","Na formação inicial, nem sempre a (in)disciplina tem tido um tratamento adequado e, ao mesmo tempo, a disciplina tem sido uma das maiores reivindicações dos professores para a formação continuada. Celso Vasconcellos, um dos grandes nomes da área de Educação atualmente, por meio de uma abordagem da situação atual da disciplina na escola e na sociedade, busca através desta obra, a compreensão de seus condicionantes. Detém-se na construção de uma concepção de disciplina, e trabalha algumas perspectivas de intervenção para a sua construção na escola. O livro traz também interconexões com um amplo leque de temas, tais como: o sentido da atividade docente e discente, limites e possibilidades educativas, comportamento, convivência escolar, construção da autonomia, autoridade pedagógica, didática, ética, entre outros.",google_books_meta,Content/base_de_dados/ebooks_gestao_sala/raw/copy_texts/google-books-indisciplina-e-disciplina-escolar-fundamentos-para-o-trabalho-docente.md
Google Books,literatura,Gestão da Sala de Aula: Lições da Pesquisa e da Prática para Trabalhar com Adolescentes,Carol Simon Weinstein; Ingrid Novodvorsky,nao publico,BRL,professores de adolescentes,https://books.google.com/books/about/Gest%C3%A3o_da_Sala_de_Aula.html?id=FFf-zwEACAAJ,"Guia abrangente para criar ambiente de aprendizagem afetivo, organizado e produtivo.",nao publico,nao publico,nao publico,392,https://books.google.com/books/about/Gest%C3%A3o_da_Sala_de_Aula.html?id=FFf-zwEACAAJ,"AMGH, 2015.","Esta obra é um guia abrangente para criar um ambiente de aprendizagem afetivo, organizado e produtivo. A experiência inspiradora de professores de disciplinas como química, matemática, história e geografia, em escolas de perfis demográficos variados, levanta discussões fundamentais sobre a gestão do ambiente escolar. Combinando recomendações baseadas em pesquisas com exemplos reais de instituições de ensino, Gestão da sala de aula oferece aos professores orientações para lidar com os principais desafios da sala de aula atual, auxiliando na construção de relações qualificadas com os alunos.",google_books_meta,Content/base_de_dados/ebooks_gestao_sala/raw/copy_texts/google-books-gest-o-da-sala-de-aula-li-es-da-pesquisa-e-da-pr-tica-para-trabalhar-com-adol.md
Google Books,literatura,Aula Nota 10 3.0: 63 Técnicas para Melhorar a Gestão da Sala de Aula,Doug Lemov,nao publico,BRL,professores e liderancas pedagogicas,https://books.google.com/books/about/Aula_Nota_10_3_0.html?id=Dvv2zwEACAAJ,Traz 63 tecnicas para melhorar a gestao da sala de aula com atualizacao e videos.,nao publico,nao publico,nao publico,560,https://books.google.com/books/about/Aula_Nota_10_3_0.html?id=Dvv2zwEACAAJ,"Penso, 2022.","Ensinar é um dos trabalhos mais importantes e, geralmente, um dos mais difíceis. Excelentes professores estão sempre se empenhando em aprender e melhorar suas aulas, e não importa o quão bons eles sejam, sempre há algo a ser aprimorado. Aula nota 10 3.0 é a edição revisada, ampliada e atualizada do estudo de Doug Lemov sobre a experiência de professores com alto desempenho nas escolas. Nela, o autor resgata seu repertório de técnicas que já inspira práticas didáticas de todo o mundo e propõe um novo olhar para as estratégias de ensino, mostrando não apenas o que fazer em sala de aula, mas também por que fazer. Esta edição inclui mais de dez novas técnicas para a gestão da sala de aula; demonstrações de atividades completas em vídeo; formas práticas de ensinar considerando a equidade e a justiça social; discussões aprofundadas sobre as técnicas e sua relação com a ciência cognitiva na aprendizagem.",google_books_meta,Content/base_de_dados/ebooks_gestao_sala/raw/copy_texts/google-books-aula-nota-10-3-0-63-t-cnicas-para-melhorar-a-gest-o-da-sala-de-aula.md
Google Books,literatura,"Indisciplina escolar: determinações, conseqüências e ações",Maria Izete de Oliveira,nao publico,BRL,leitores de educacao,https://books.google.com/books/about/Indisciplina_escolar.html?id=ngU5AAAACAAJ,"Livro sobre determinacoes, consequencias e acoes diante da indisciplina escolar.",nao publico,nao publico,nao publico,136,https://books.google.com/books/about/Indisciplina_escolar.html?id=ngU5AAAACAAJ,"Liber Livro, 2005.",,google_books_meta,
Google Books,literatura,Indisciplina no contexto escolar: causas e perspectivas de solução,Antonio Eudes Mota,nao publico,BRL,leitores de educacao,https://books.google.com/books/about/Indisciplina_no_contexto_escolar_causas.html?id=AAT6EAAAQBAJ,Aborda causas e perspectivas de solucao para a indisciplina no cotidiano escolar.,nao publico,nao publico,nao publico,59,https://books.google.com/books/about/Indisciplina_no_contexto_escolar_causas.html?id=AAT6EAAAQBAJ,"AYA Editora, 2023.","A presente pesquisa tem como tema principal a indisciplina escolar, suas causas e perspectivas de solução. Sabemos que esse é dos assuntos mais questionados ultimamente em todas as escolas públicas e privadas. Este projeto aborda sobre um tema de grande interesse por parte de todos que fazem a educação. Escolhemos o tema “a indisciplina escolar”, pois estamos vivenciando no dia-a-dia de nossa escola a indisciplina de crianças e adolescentes e isso nos preocupa porque interfere na aprendizagem e está entre um dos desafios dos professores, pois manter a disciplina em uma sala de aula é sem dúvida uma tarefa muito árdua.Sabemos que gritos, ameaças, autoritarismo e mandar o aluno para a diretoria não funciona mais. Diante de tal situação vivenciada dia-a-dia. Podemos dizer que a desestruturação da família é também um dos fatores que interfere muitas vezes para comportamentos indisciplinares. Por exemplo: Muitas vezes temos que passar por algumas situações muito difíceis, como é o caso de alguns alunos que sofrem violência física em casa, outras vezes são filhos de viciados em drogas e veem o mau comportamento dos pais, e, na maioria dos casos eles também levam essa violência para dentro da sala de aula.Vale ressaltar que o ambiente familiar é um ponto de referência, ou seja, um exemplo para crianças e adolescentes e se no âmbito há violência dentro de casa, pais que brigam e a falta de diálogo contribuem diretamente para a indisciplina. Outro fator relevante são os valores humanos como: respeito, amor ao próximo, compreensão e ética. No entanto esses valores quando não trabalhados acabam gerando uma série de conflitos interferindo na vida escolar do educando tornando-o agressivo, revoltado e sem motivação para os estudos.Existe também outro fator que é o âmbito escolar, pois se ao chegar à escola o aluno não encontra apoio, como: um ambiente acolhedor, uma aula inovadora, atrativa e um professor que resgate os valores, sua autoestima dificilmente terá um bom comportamento. Diante do problema abordado é necessário que todos nós, educadores, pais, comunidade, núcleo gestor e demais órgãos competentes, criem ferramentas para trabalhar a família e a comunidade escolar amenizando a indisciplina.",google_books_meta,Content/base_de_dados/ebooks_gestao_sala/raw/copy_texts/google-books-indisciplina-no-contexto-escolar-causas-e-perspectivas-de-solu-o.md
Eduzz,checkout,Guia SALA DE AULA NOTA MIL,HENRIQUE LIMA ARAUJO PROFESSOR,nao publico,BRL,professores de redação,https://chk.eduzz.com/G9614DBAW1,Guia com 12 aulas-atividades para aplicar imediatamente e engajar alunos na redação.,nao publico,nao publico,nao publico,nao publico,https://chk.eduzz.com/G9614DBAW1,Material ofertado como guia completo e pronto para uso.,"Um guia completo, com 12 aulas-atividades para você, prof. de redação, aplicar imediatamente em suas aulas e ver sua didática transformada. Com esse guia, você verá seus alunos mais engajados, escrevendo muito mais, com estratégias certeiras para alcançar 900+ na redação do ENEM e com gosto por estudar e escrever. Com esse guia, sua sala de aula será uma sala de aula nota mil.",eduzz_page_blocks,Content/base_de_dados/ebooks_gestao_sala/raw/copy_texts/eduzz-guia-sala-de-aula-nota-mil.md
Eduzz,checkout,Planner do professor 2026,Daniela Oliveira,nao publico,BRL,professores,https://chk.eduzz.com/apfd3esc,"Planner para organizar vida escolar com metas, calendario, aniversariantes e planejamentos.",nao publico,nao publico,nao publico,nao publico,https://chk.eduzz.com/apfd3esc,Produto focado em organizacao e rotina docente.,"Planner do Professor 2026: Seu Parceiro de Sucesso na Sala de Aula! ?? Organize sua vida escolar com eficiência e estilo! Este planner foi criado especialmente para professores como você, com todas as ferramentas necessárias para um ano letivo incrível. O que você encontra neste planner: - ??? *Dados pessoais*: espaço para registrar suas informações importantes - ?? *Metas do ano*: defina e alcance seus objetivos pedagógicos - ?? *Calendário 2026*: com datas importantes, feriados e prazos - ?? *Aniversariantes*: não esqueça de celebrar os aniversários dos seus alunos! - ?? *Nomes de alunos e horários*: organize suas turmas e horários de aula - ?? *Planejamentos*: espaço para planejar suas aulas e registrar observações",eduzz_page_blocks,Content/base_de_dados/ebooks_gestao_sala/raw/copy_texts/eduzz-planner-do-professor-2026.md
Kiwify,checkout,Palestras Pedagógicas,Educa Mentes,"R$ 47,00",BRL,educadores,https://educamentes.com.br/palestras-pedagogicas/,"Kit com 60+ palestras editáveis, garantia de 15 dias, acesso vitalício e temas como gestão de sala de aula, educação infantil e inclusão.",nao publico,nao publico,nao publico,nao publico,https://educamentes.com.br/palestras-pedagogicas/,Checkout citado como Kiwify e produto destacado como campeão de vendas.,"UM RECURSO PEDAGÓGICO ESSENCIAL PARA TODOS QUE ATUAM NO ENSINO REGULAR !

Adquira Palestras prontas e editáveis para suas

Aulas e Reuniões pedagógicas e pare de perder horas preciosas! ​

Tudo já está pronto só para você baixar e utilizar

Tenha um curso sempre atualizado que tem ajudado milhares de educadores de todo o Brasil!

Nossas Palestras podem ser utilizadas na Educação Infantil, Ensino Fundamental I e II e também para o Ensino Médio! Com uma variedade de slides personalizáveis e todos prontos, você também consegue Adaptar e Personalizar tudo se preferir!

Por que Escolher o nosso pacote de Palestras Pedagógicas?​

Veja O que está Incluído nesse Kit de Palestras!

Mais de 60 Temas cobrindo:

Pagamento facilitado!

Por quanto tempo você terá acesso aos slides?

O que você pode fazer nos slides incluídos desse pacote?

VEJA ABAIXO AS AMOSTRAS DE TUDO QUE VOCÊ VAI RECEBER

Todos os Temas com objetivos claros para você utilizar!

Todos os Slides são projetados para educar, engajar e estabelecer sua autoridade como educador e promover a excelência em suas aulas e apresentações.

Objetivo: Capacitar os professores a identificar, entender e lidar com comportamentos desafiadores em sala de aula, utilizando estratégias eficazes que promovam um ambiente de respeito, cooperação e aprendizado para todos os alunos.

Objetivo: Capacitar os professores a criar e implementar estruturas e rotinas que promovam um ambiente de aprendizado organizado, produtivo e inclusivo, onde os alunos sabem o que esperar e se sentem seguros para aprender.

Objetivo: Capacitar os professores a identificar, mediar e resolver conflitos em sala de aula de maneira eficaz, promovendo um ambiente de respeito, cooperação e aprendizado.

Objetivo: Capacitar os educadores a compreender a relevância do brincar no desenvolvimento integral da criança, explorando suas contribuições para o aspecto cognitivo, social, emocional e motor, e a aplicabilidade prática no contexto da educação infantil.

Objetivo: Capacitar os educadores a compreender a importância da rotina para o desenvolvimento infantil e a planejar rotinas estruturadas que promovam segurança, autonomia e aprendizado.

Objetivo: Capacitar os educadores a implementar práticas pedagógicas eficazes para iniciar e desenvolver o processo de alfabetização na educação infantil, respeitando o ritmo e as particularidades de cada criança.

O bjetivo: Conscientizar os pais sobre os impactos positivos e negativos das redes sociais na vida dos adolescentes Fornecer estratégias para um uso saudável e seguro Orientações sobre como monitorar e orientar os filhos no ambiente digital.

Objetivo: Apresentar aos pais estratégias práticas para lidar com as mudanças físicas, emocionais e comportamentais dos adolescentes, fortalecendo o relacionamento familiar durante essa fase desafiadora.

Objetivo: Capacitar os pais a identificar e compreender as diferenças entre o bullying na infância e na adolescência. A palestra visa fortalecer a parceria entre família e escola, promovendo um ambiente seguro e acolhedor para crianças e adolescentes

Novas palestras já estão sendo elaboradas e você terá acesso a todas elas sem custo adicional.

Formatos que você terá acesso...​

Arquivos do PowerPoint​​

Todas as palestras em PowerPoint para você que não utiliza ainda o Canva, você poderá editar e adaptar todos os slides.

Arquivos do Canva

O link com todas as palestras para você copiar dentro do seu CANVA, você poderá editar da forma que desejar.

+ PRATICIDADE E EFICIÊNCIA COMO VOCÊ GOSTA!

AMOSTRA DAS PALESTRAS

Essa é apenas uma pequena amostra de uma das PALESTRAS que você irá receber... Cada palestras tem um resumo completo para você adaptar e personalizar às suas.

Nos modelos você pode ( editar os textos, cores e elementos) no PowerPoint e Canva .

Suporte Exclusivo da agência Educa Mentes!

Transferência do Pack sem complicações

Aprenda como copiar nossos modelos para sua conta do Canva sem dor de cabeça. Caso não queira utilizar os modelos do PowerPoint.

Edição Totalmente Personalizada

Aprenda a fazer as edições básicas necessárias nos slides, garantindo que os slides reflitam a sua essência. Você pode mudar da maneira que quiser.

Suporte Continuo

Sempre que precisar de suporte para entrar no curso, ou suporte para baixar os materiais você poderá nos chamar no WhatsApp.

O RECURSO QUE OS EDUCADORES TANTO PEDIRAM!

Surpreenda sua comunidade escolar com esse recurso completo e inovador! Aproveite agora!

JUNTE-SE A MILHARES DE EDUCADORES QUE JÁ ESTÃO UTILIZANDO!

O QUE VOCÊ VAI RECEBER AO ADQUIRIR AGORA:

VALOR TOTAL QUE VOCÊ PAGARIA EM MÉDIA:

De R$ 296,00 (Produto + Bônus)

por apenas

ou em até 5x no cartão (sujeito a juros)

🔒 Campeão de vendas na KIWIFY

Atualizações chegando, o preço vai subir! Aproveite agora para adquirir.

Garantia total de satisfação

Acreditamos tanto na qualidade dos materiais e conteúdos do nosso Kit de Palestras Pedagógicas que oferecemos uma garantia completa: Você tem 15 dias para testar .

100% Garantido ou seu Dinheiro de Volta

Se não ficar satisfeito, devolvemos 100% do seu investimento. Sem perguntas, sem complicação.

Perguntas Frequentes:

Última Chance: Transforme Suas Apresentações Hoje

Oferecemos conteúdos de alta qualidade, com metodologias comprovadas e linguagem acessível.

Nos acompanhe!

Sobre Nós

Somos uma marca dedicada a democratizar o acesso ao conhecimento, oferecendo produtos educacionais inovadores e profissionais.

Contato

Horário de atendimento:

Segunda a Sexta: 9h às 18h

Sábado: 9h às 13h

Links Rápidos

COPYRIGHT © - 2026 – TODOS OS DIREITOS RESERVADOS | COPRODUTOR OFICIAL - CNPJ: 40.353.718/0001-86

ESTE SITE NÃO É do FACEBOOK: Este site não faz parte do site do Facebook ou do Facebook Inc., Além disso, este site NÃO é endossado pelo Facebook de nenhuma maneira. FACEBOOK é uma marca comercial independente da FACEBOOK, Inc.

Deus seja louvado! ❤️

MÓDULO 1: Gestão de sala de aula : Estratégias para lidar com comportamentos desafiadores, manejo de conflitos, rotinas eficientes, motivação e engajamento.

MÓDULO 2: Educação Infantil : Abordagens lúdicas, desenvolvimento infantil, adaptação escolar e muito mais.

MÓDULO 3: Inclusão Escolar : Palestras claras e sensíveis sobre TDAH, Autismo, Altas Habilidades, e como criar um ambiente verdadeiramente acolhedor.

MÓDULO 4: Reunião de Pais de Responsáveis : Temas para fortalecer a parceria escola-família, comunicação eficaz e orientação aos pais.

MÓDULO 5: Habilidades Socioemocionais com os Alunos: Descubra estratégias práticas para trabalhar as emoções e fortalecer o vínculo entre professor e aluno.

MÓDULO 6: Motivação e Engajamento dos Alunos: Aprenda a inspirar seus alunos e transformar o clima da sala de aula com técnicas simples e eficazes.

MÓDULO 7: Aprendizagem Ativa e Colaborativa: Inove suas práticas pedagógicas com metodologias que colocam o aluno como protagonista do próprio aprendizado.

MÓDULO 8: Protagonismo Estudantil: Palestras que mostram como despertar o senso de responsabilidade, liderança e iniciativa nos alunos.

+ Palestras sugeridas pelos alunos

Suporte e Atendimento pelo WhatsApp

Garantia incondicional de 15 dias

Atualizações frequentes!

O acesso ao Pacote de slides é Vitalício ( para sempre).

Novas palestras são sempre adicionadas e você terá acesso a todas as atualizações sem custo adicional.

O acesso ao Pacote de slides é imediato após a compra, por meio da plataforma da KiWIFY.

Você pode editar qualquer informação, imagem, cor ou elemento usando o PowerPoint, ou o site do Canva.

Você pode usar o site do Canva Gratuito para editá-las. Não precisa do Canva PRO.

Você pode incluir seu nome, escola, Whatsapp, Contatos e seu @ do Instagram.

Você pode utilizar pelo Computador, celular ou tablet...

10+ Palestras sobre ""Gestão de sala de Aula "" — R$ 47,00

10+ Palestras sobre ""Educação Infantil "" — R$ 47,00

10+ Palestras sobre ""Inclusão Escolar "" — R$ 47,00

10+ Palestras sobre ""Reunião para Pais e Responsavéis "" — R$ 47,00

5+ Palestras sobre ""Habilidades Socioemocionais com os Alunos "" — R$ 27,00

5+ Palestras sobre ""Motivação e Engajamento dos Alunos"" — R$ 27,00

5+ Palestras sobre ""Aprendizagem Ativa e Colaborativa "" — R$ 27,00

5+ Palestras sobre ""Protagonismo Estudantil "" — R$ 27,00

+ Suporte – WhatsApp exclusivo

+ Garantia – 15 Dias

+ Atualizações – Sem custo adicional

Junte-se a mais de 12.700 educadores.

Veja alguns modelos das páginas editáveis:

Depoimentos de quem já adquiriu:

Você também irá se surpreender com o nosso material!

Após realizar o seu pagamento você irá receber um e-mail da Kiwify contendo todos os dados e informações para acessar o kit das Palestras Pedagógicas e baixar os materiais.

Você poderá baixar as Palestras usando seu celular , tablet ou computador .

Tudo de forma segura, todo o conteúdo você poderá acessar através do portal da Kiwify , os materiais são vitalícios!

Em dúvidas sobre comprar pela internet?

Adquirir nosso Material é Fácil e Confiável

Assim que sua compra for aprovada, você receberá automaticamente um e-mail da Kiwify com todos os dados de acesso. É rápido e seguro! Basta criar sua senha e entrar na plataforma para começar a usar.

Sim! Você recebe 60+ palestras completas e 100% editáveis (PowerPoint e Canva), já com textos, slides e atividades. Pode usar como está ou personalizar para sua realidade escolar.

Com certeza! Criamos um conteúdo intuitivo e de fácil edição , mesmo para quem não tem experiência com edição de slides. Além disso, você pode alterar cores, textos, imagens e exemplos conforme desejar.

Sim. As palestras foram planejadas para educadoras da rede pública e privada e podem ser usadas em reuniões, treinamentos e formações pedagógicas , desde a Educação Infantil até o Ensino Médio.

Sim! Depois de baixar o material, você pode usá-lo offline no seu computador ou pen drive.

O acesso é vitalício . Você pode acessar quando quiser e usar no seu ritmo, sempre que precisar de um conteúdo pronto para suas reuniões ou aulas.

Confiamos tanto na qualidade do nosso conteúdo que oferecemos + 7 dias de garantia além dos 7 dias atual que você já recebe (14 dias) . Se não ficar satisfeita, devolvemos 100% do seu dinheiro.

Enquanto você decide, outros educadores já estão garantindo seu kit e se preparando para impressionar nos próximos dias.

GARANTIR AGORA POR R$ 47 ✓ Acesso imediato ✓ 15 dias de garantia ✓ Suporte completo ✓ Atualizações vitalícias

✓ Materiais cientificamente embasados ✓ Equipe multidisciplinar ✓ Suporte especializado ✓ Atualizações constantes

Economia de tempo​​​​ Pare de perder horas preciosas querendo criar apresentações do zero e foque no ensino do seu aluno e na experiência que ele terá com os slides.

Economia de dinheiro​ Elimine a necessidade de contratar designer ou agências caras . Invista apenas R$ 47 e tenha Slides profissionais e editáveis.

Facilidade no uso do PowerPoint​ Slides intuitivos e fáceis de editar, você não precisa ser um especialista para editar e personalizar, as palestras já estão prontas.

Aumento de engamento nas aulas e reuniões Cada tema é estratégico e irá incentivar a interação de professores e alunos em cada palestra.

MÓDULO 1: Gestão de sala de aula : Estratégias para lidar com comportamentos desafiadores, manejo de conflitos, rotinas eficientes, motivação e engajamento. MÓDULO 2: Educação Infantil : Abordagens lúdicas, desenvolvimento infantil, adaptação escolar e muito mais. MÓDULO 3: Inclusão Escolar : Palestras claras e sensíveis sobre TDAH, Autismo, Altas Habilidades, e como criar um ambiente verdadeiramente acolhedor. MÓDULO 4: Reunião de Pais de Responsáveis : Temas para fortalecer a parceria escola-família, comunicação eficaz e orientação aos pais. MÓDULO 5: Habilidades Socioemocionais com os Alunos: Descubra estratégias práticas para trabalhar as emoções e fortalecer o vínculo entre professor e aluno. MÓDULO 6: Motivação e Engajamento dos Alunos: Aprenda a inspirar seus alunos e transformar o clima da sala de aula com técnicas simples e eficazes. MÓDULO 7: Aprendizagem Ativa e Colaborativa: Inove suas práticas pedagógicas com metodologias que colocam o aluno como protagonista do próprio aprendizado. MÓDULO 8: Protagonismo Estudantil: Palestras que mostram como despertar o senso de responsabilidade, liderança e iniciativa nos alunos. + Palestras sugeridas pelos alunos (você também poderá sugerir) Suporte e Atendimento pelo WhatsApp Garantia incondicional de 15 dias Atualizações frequentes! ACESSO IMEDIATO E VITALÍCIO Pagamento facilitado! Por quanto tempo você terá acesso aos slides? O acesso ao Pacote de slides é Vitalício ( para sempre). Novas palestras são sempre adicionadas e você terá acesso a todas as atualizações sem custo adicional. O acesso ao Pacote de slides é imediato após a compra, por meio da plataforma da KiWIFY. O que você pode fazer nos slides incluídos desse pacote? Você pode editar qualquer informação, imagem, cor ou elemento usando o PowerPoint, ou o site do Canva. Você pode usar o site do Canva Gratuito para editá-las. Não precisa do Canva PRO. Você pode incluir seu nome, escola, Whatsapp, Contatos e seu @ do Instagram. Você pode utilizar pelo Computador, celular ou tablet... VEJA ABAIXO AS AMOSTRAS DE TUDO QUE VOCÊ VAI RECEBER Todos os Temas com objetivos claros para você utilizar! Todos os Slides são projetados para educar, engajar e estabelecer sua autoridade como educador e promover a excelência em suas aulas e apresentações. Objetivo: Capacitar os professores a identificar, entender e lidar com comportamentos desafiadores em sala de aula, utilizando estratégias eficazes que promovam um ambiente de respeito, cooperação e aprendizado para todos os alunos. Objetivo: Capacitar os professores a criar e implementar estruturas e rotinas que promovam um ambiente de aprendizado organizado, produtivo e inclusivo, onde os alunos sabem o que esperar e se sentem seguros para aprender. Objetivo: Capacitar os professores a identificar, mediar e resolver conflitos em sala de aula de maneira eficaz, promovendo um ambiente de respeito, cooperação e aprendizado. Objetivo: Capacitar os educadores a compreender a relevância do brincar no desenvolvimento integral da criança, explorando suas contribuições para o aspecto cognitivo, social, emocional e motor, e a aplicabilidade prática no contexto da educação infantil. Objetivo: Capacitar os educadores a compreender a importância da rotina para o desenvolvimento infantil e a planejar rotinas estruturadas que promovam segurança, autonomia e aprendizado. Objetivo: Capacitar os educadores a implementar práticas pedagógicas eficazes para iniciar e desenvolver o processo de alfabetização na educação infantil, respeitando o ritmo e as particularidades de cada criança. O bjetivo: Conscientizar os pais sobre os impactos positivos e negativos das redes sociais na vida dos adolescentes Fornecer estratégias para um uso saudável e seguro Orientações sobre como monitorar e orientar os filhos no ambiente digital. Objetivo: Apresentar aos pais estratégias práticas para lidar com as mudanças físicas, emocionais e comportamentais dos adolescentes, fortalecendo o relacionamento familiar durante essa fase desafiadora. Objetivo: Capacitar os pais a identificar e compreender as diferenças entre o bullying na infância e na adolescência. A palestra visa fortalecer a parceria entre família e escola, promovendo um ambiente seguro e acolhedor para crianças e adolescentes Novas palestras já estão sendo elaboradas e você terá acesso a todas elas sem custo adicional. QUERO GARANTIR ESSA OFERTA Veja alguns modelos das páginas editáveis:

Nos modelos você pode ( editar os textos, cores e elementos) no PowerPoint e Canva . Baixar Modelo GRATUITO! Depoimentos de quem já adquiriu:

Transferência do Pack sem complicações Aprenda como copiar nossos modelos para sua conta do Canva sem dor de cabeça. Caso não queira utilizar os modelos do PowerPoint. Edição Totalmente Personalizada Aprenda a fazer as edições básicas necessárias nos slides, garantindo que os slides reflitam a sua essência. Você pode mudar da maneira que quiser. Suporte Continuo Sempre que precisar de suporte para entrar no curso, ou suporte para baixar os materiais você poderá nos chamar no WhatsApp. Após realizar o seu pagamento você irá receber um e-mail da Kiwify contendo todos os dados e informações para acessar o kit das Palestras Pedagógicas e baixar os materiais.

10+ Palestras sobre ""Gestão de sala de Aula "" — R$ 47,00 10+ Palestras sobre ""Educação Infantil "" — R$ 47,00 10+ Palestras sobre ""Inclusão Escolar "" — R$ 47,00 10+ Palestras sobre ""Reunião para Pais e Responsavéis "" — R$ 47,00 5+ Palestras sobre ""Habilidades Socioemocionais com os Alunos "" — R$ 27,00 5+ Palestras sobre ""Motivação e Engajamento dos Alunos"" — R$ 27,00 5+ Palestras sobre ""Aprendizagem Ativa e Colaborativa "" — R$ 27,00 5+ Palestras sobre ""Protagonismo Estudantil "" — R$ 27,00 + Palestras sugeridas pelos Alunos + Suporte – WhatsApp exclusivo + Garantia – 15 Dias + Atualizações – Sem custo adicional VALOR TOTAL QUE VOCÊ PAGARIA EM MÉDIA: De R$ 296,00 (Produto + Bônus) por apenas R$47,00 ou em até 5x no cartão (sujeito a juros) QUERO GARANTIR ESSE MATERIAL let prefix = [""https://pay.kiwify.com.br""]; function getParams() { let t = """", e = window.top.location.href, r = new URL(e); if (null != r) { let a = r.searchParams.get(""utm_source""), n = r.searchParams.get(""utm_medium""), o = r.searchParams.get(""utm_campaign""), m = r.searchParams.get(""utm_term""), p = r.searchParams.get(""fbclid""), c = r.searchParams.get(""utm_content""); -1 !== e.indexOf(""?"") && (t = &src=${a}|${n}|${o}|${m}|${c}); console.log(t); } return t; } function getCookie(name) { let match = document.cookie.match(new RegExp('(^| )' + name + '=([^;]+)')); if (match) { return match[2]; } return null; } function updateLinks() { var t = new URLSearchParams(window.location.search); var sck = getCookie(""lead""); if (sck) { t.append(""sck"", sck); t.toString() && document.querySelectorAll(""a"").forEach(function(e) { for (let r = 0; r 🔒 Campeão de vendas na KIWIFY Atualizações chegando, o preço vai subir! Aproveite agora para adquirir. Garantia total de satisfação Acreditamos tanto na qualidade dos materiais e conteúdos do nosso Kit de Palestras Pedagógicas que oferecemos uma garantia completa: Você tem 15 dias para testar . 100% Garantido ou seu Dinheiro de Volta Se não ficar satisfeito, devolvemos 100% do seu investimento. Sem perguntas, sem complicação. Em dúvidas sobre comprar pela internet?

QUERO ADQUIRIR AGORA! . /right-top, right-bottom, left-top, left-bottom, center-top, center-bottom, center-center/ var position = ""left-bottom""; /verde, azul, vermelho, amarelo/ var color = ""verde""; /fade, zoom, from-right, from-left, from-top, from-bottom/ var animation = ""from-left""; /Palestras Pedagógicas/ var product_name = """"; /frase depois do nome da pessoa/ var phrase = ""Comprou o KIT""; var timeout = 4000; /masc, fem, any/ var type_name = ""masc, fem""; var msg_final = """"; var min_time = 5; var max_time = 55; var names_masc = ['Jose', 'Joao', 'Antonio', 'Carlos', 'Paulo', 'Lucas', 'Marcos', 'Gabriel', 'Felipe', 'Rafael', 'Daniel', 'Bruno', 'Eduardo', 'Leonardo', 'Rodrigo']; var names_fem = ['Maria', 'Ana', 'Francisca', 'Antonia', 'Adriana', 'Juliana', 'Marcia', 'Fernanda', 'Patricia', 'Aline', 'Sandra', 'Camila', 'Amanda', 'Bruna', 'Jessica', 'Leticia', 'Julia', 'Luciana', 'Vanessa', 'Mariana', 'Gabriela', 'Vera', 'Vitoria', 'Larissa', 'Claudia', 'Beatriz', 'Rita', 'Luana', 'Sonia', 'Renata', 'Eliane', 'Tatiane', 'Karina', 'Simone', 'Michele', 'Isabela', 'Cintia', 'Daniele', 'Flavia', 'Priscila', 'Silvana', 'Carla', 'Andrea', 'Debora', 'Monica', 'Thais', 'Sabrina', 'Cristiane', 'Regina', 'Helena', 'Bianca', 'Clarice', 'Isadora', 'Tatiana', 'Lorena', 'Paula', 'Raquel', 'Natalia', 'Elaine', 'Rosangela', 'Elizabeth', 'Caroline', 'Lilian']; var option = { position: position, cssAnimationStyle: animation, plainText: false, timeout: timeout }; function show_notification() { if (type_name == ""masc"") { msg_final = "" "" + names_masc[Math.floor(Math.random() * names_masc.length)] + "" ""; } else if (type_name == ""fem"") { msg_final = "" "" + names_fem[Math.floor(Math.random() * names_fem.length)] + "" ""; } else { var array_aux = [""masc"", ""fem""]; if (array_aux[Math.floor(Math.random() * array_aux.length)] == ""masc"") { msg_final = "" "" + names_masc[Math.floor(Math.random() * names_masc.length)] + "" ""; } else { msg_final = "" "" + names_fem[Math.floor(Math.random() * names_fem.length)] + "" ""; } } msg_final += decodeURIComponent(escape("" "" + phrase + "" "" + product_name)); var tempo = Math.floor(Math.random() * (max_time - min_time + 1)) + min_time; msg_final += "" há "" + tempo + "" minutos atrás ""; switch (color) { case ""verde"": Notiflix.Notify.Success(msg_final, option); break; case ""azul"": Notiflix.Notify.Info(msg_final, option); break; case ""vermelho"": Notiflix.Notify.Failure(msg_final, option); break; case ""amarelo"": Notiflix.Notify.Warning(msg_final, option); break; default: Notiflix.Notify.Success(msg_final, option); } } show_notification(); setInterval(show_notification, 30000); Última Chance: Transforme Suas Apresentações Hoje Enquanto você decide, outros educadores já estão garantindo seu kit e se preparando para impressionar nos próximos dias.

Facebook Youtube Sobre Nós Somos uma marca dedicada a democratizar o acesso ao conhecimento, oferecendo produtos educacionais inovadores e profissionais. ✓ Materiais cientificamente embasados ✓ Equipe multidisciplinar ✓ Suporte especializado ✓ Atualizações constantes",kiwify_page_blocks,Content/base_de_dados/ebooks_gestao_sala/raw/copy_texts/kiwify-palestras-pedag-gicas.md
Kiwify,checkout,Palestras Pedagógicas - SS,Educa Mentes,"R$ 47,00",BRL,educadores,https://educamentes.com.br/palestras-pedagogicasss/,"Variante do kit com 60+ palestras, materiais prontos para uso, atualização contínua e acesso via portal/app Kiwify.",nao publico,nao publico,nao publico,nao publico,https://educamentes.com.br/palestras-pedagogicasss/,"Mesma linha de produto, com oferta reiterada e foco em valor percebido.","UM RECURSO PEDAGÓGICO ESSENCIAL PARA TODOS QUE ATUAM NO ENSINO REGULAR !

Adquira Palestras prontas e editáveis para suas

Aulas e Reuniões pedagógicas e pare de perder horas preciosas! ​

Tudo já está pronto só para você baixar e utilizar

Tenha um curso sempre atualizado que tem ajudado milhares de educadores de todo o Brasil!

Nossas Palestras podem ser utilizadas na Educação Infantil, Ensino Fundamental I e II e também para o Ensino Médio! Com uma variedade de slides personalizáveis e todos prontos, você também consegue Adaptar e Personalizar tudo se preferir!

Veja O que está Incluído nesse Kit de Palestras!

Mais de 60 Temas cobrindo:

Pagamento facilitado!

Por que Escolher o nosso pacote de Palestras Pedagógicas?​

VEJA ABAIXO ALGUMAS AMOSTRAS DO QUE VOCÊ VAI RECEBER

Todos os 60 Temas contém objetivos claros para você utilizar!

Todos os Temas são projetados para educar, engajar e estabelecer sua autoridade como educador e promover a excelência em suas aulas e apresentações ou reuniões pedagógicas.

Objetivo: Capacitar os professores a identificar, entender e lidar com comportamentos desafiadores em sala de aula, utilizando estratégias eficazes que promovam um ambiente de respeito, cooperação e aprendizado para todos os alunos.

Objetivo: Capacitar os professores a criar e implementar estruturas e rotinas que promovam um ambiente de aprendizado organizado, produtivo e inclusivo, onde os alunos sabem o que esperar e se sentem seguros para aprender.

Objetivo: Capacitar os professores a identificar, mediar e resolver conflitos em sala de aula de maneira eficaz, promovendo um ambiente de respeito, cooperação e aprendizado.

Objetivo: Capacitar os educadores a compreender a relevância do brincar no desenvolvimento integral da criança, explorando suas contribuições para o aspecto cognitivo, social, emocional e motor, e a aplicabilidade prática no contexto da educação infantil.

Objetivo: Capacitar os educadores a compreender a importância da rotina para o desenvolvimento infantil e a planejar rotinas estruturadas que promovam segurança, autonomia e aprendizado.

Objetivo: Capacitar os educadores a implementar práticas pedagógicas eficazes para iniciar e desenvolver o processo de alfabetização na educação infantil, respeitando o ritmo e as particularidades de cada criança.

O bjetivo: Conscientizar os pais sobre os impactos positivos e negativos das redes sociais na vida dos adolescentes Fornecer estratégias para um uso saudável e seguro Orientações sobre como monitorar e orientar os filhos no ambiente digital.

Objetivo: Apresentar aos pais estratégias práticas para lidar com as mudanças físicas, emocionais e comportamentais dos adolescentes, fortalecendo o relacionamento familiar durante essa fase desafiadora.

Objetivo: Capacitar os pais a identificar e compreender as diferenças entre o bullying na infância e na adolescência. A palestra visa fortalecer a parceria entre família e escola, promovendo um ambiente seguro e acolhedor para crianças e adolescentes

Novas palestras já estão sendo elaboradas e você terá acesso a todas elas sem custo adicional.

Formatos que você terá acesso...​

Arquivos do PowerPoint​​

Todas as palestras em PowerPoint para você que não utiliza ainda o Canva, você poderá editar e adaptar todos os slides.

Arquivos do Canva

O link com todas as palestras para você copiar dentro do seu CANVA, você poderá editar da forma que desejar.

O RECURSO QUE OS EDUCADORES TANTO PEDIRAM!

Surpreenda sua comunidade escolar com esse recurso completo e inovador! Aproveite agora!

JUNTE-SE A MILHARES DE EDUCADORES QUE JÁ ESTÃO UTILIZANDO!

VALOR TOTAL QUE VOCÊ PAGARIA EM MÉDIA:

De R$ 296,00 (Produto + Bônus)

por apenas

ou em até 5x no cartão (sujeito a juros)

🔒 Campeão de vendas na KIWIFY

Atualizações chegando, o preço vai subir! Aproveite agora para adquirir.

Perguntas Frequentes:

Garantia total de satisfação

Acreditamos tanto na qualidade dos materiais e conteúdos do nosso Kit de Palestras Pedagógicas que oferecemos uma garantia completa: Você tem 15 dias para testar .

100% Garantido ou seu Dinheiro de Volta

Se não ficar satisfeito, devolvemos 100% do seu investimento. Sem perguntas, sem complicação.

Última Chance: Transforme Suas Apresentações Hoje

Oferecemos conteúdos de alta qualidade, com metodologias comprovadas e linguagem acessível.

Nos acompanhe!

Sobre Nós

Somos uma marca dedicada a democratizar o acesso ao conhecimento, oferecendo produtos educacionais inovadores e profissionais.

Contato

Horário de atendimento:

Segunda a Sexta: 9h às 18h

Sábado: 9h às 13h

Links Rápidos

COPYRIGHT © - 2025 – TODOS OS DIREITOS RESERVADOS | COPRODUTOR OFICIAL - CNPJ: 40.353.718/0001-86

ESTE SITE NÃO É do FACEBOOK: Este site não faz parte do site do Facebook ou do Facebook Inc., Além disso, este site NÃO é endossado pelo Facebook de nenhuma maneira. FACEBOOK é uma marca comercial independente da FACEBOOK, Inc.

Deus seja louvado! ❤️

MÓDULO 1: Gestão de sala de aula : Estratégias para lidar com comportamentos desafiadores, manejo de conflitos, rotinas eficientes, motivação e engajamento.

MÓDULO 2: Educação Infantil : Abordagens lúdicas, desenvolvimento infantil, adaptação escolar e muito mais.

MÓDULO 3: Inclusão Escolar : Palestras claras e sensíveis sobre TDAH, Autismo, Altas Habilidades, e como criar um ambiente verdadeiramente acolhedor.

MÓDULO 4: Reunião de Pais de Responsáveis : Temas para fortalecer a parceria escola-família, comunicação eficaz e orientação aos pais.

MÓDULO 5: Habilidades Socioemocionais com os Alunos: Descubra estratégias práticas para trabalhar as emoções e fortalecer o vínculo entre professor e aluno.

MÓDULO 6: Motivação e Engajamento dos Alunos: Aprenda a inspirar seus alunos e transformar o clima da sala de aula com técnicas simples e eficazes.

MÓDULO 7: Aprendizagem Ativa e Colaborativa: Inove suas práticas pedagógicas com metodologias que colocam o aluno como protagonista do próprio aprendizado.

MÓDULO 8: Protagonismo Estudantil: Palestras que mostram como despertar o senso de responsabilidade, liderança e iniciativa nos alunos.

+ Palestras sugeridas pelos alunos

Suporte e Atendimento pelo WhatsApp

Garantia incondicional de 15 dias

Atualizações frequentes!

Junte-se a mais de 13.600 educadores.

Veja alguns modelos das páginas editáveis:

Depoimentos de quem já adquiriu e já tem esse material disponível em sua coleção pedagógica:

Você também irá se surpreender, assim como milhares de educadores de todo o Brasil que já adquiriram esse material na sua coleção pedagógica!

Após realizar o seu pagamento você irá receber um e-mail da Kiwify contendo todos os dados e informações para acessar o kit das Palestras Pedagógicas e baixar os materiais.

Você poderá baixar as Palestras usando seu celular , tablet ou computador .

Tudo de forma segura, todo o conteúdo você poderá acessar através do portal da Kiwify , os materiais são vitalícios!

Sim! Você recebe 60+ palestras completas e 100% editáveis todas já estão nos formatos de (PowerPoint e Canva), já com textos, slides, atividades e imagens prontas. Você pode usar como está ou personalizar e adaptar para sua realidade como desejar.

Assim que sua compra for aprovada, você receberá automaticamente um e-mail da Kiwify com todos os dados de acesso. É rápido e seguro! Basta criar sua senha pessoal e entrar na plataforma para começar a usar. ( Já Está tudo liberado )

Com certeza! Criamos um conteúdo intuitivo e de fácil edição , mesmo para quem não tem experiência com edição de slides. Além disso, você pode alterar cores, textos, imagens e exemplos conforme desejar.

Sim. As palestras foram planejadas para educadoras da rede pública e privada e podem ser usadas em reuniões, treinamentos e formações pedagógicas , desde a Educação Infantil até o Ensino Médio.

Sim! Depois de baixar o material, você pode usá-lo offline no seu computador ou pen drive.

O acesso é vitalício . Você pode acessar quando quiser e usar no seu ritmo, sempre que precisar de um conteúdo pronto para suas reuniões ou aulas.

Confiamos tanto na qualidade do nosso conteúdo que oferecemos + 7 dias de garantia além dos 7 dias atual que você já recebe (14 dias) . Se não ficar satisfeita, devolvemos 100% do seu dinheiro.

Enquanto você decide, outros educadores já estão garantindo seu kit e se preparando para impressionar nos próximos dias.

GARANTIR AGORA POR R$ 47 ✓ Acesso imediato ✓ 15 dias de garantia ✓ Suporte completo ✓ Atualizações vitalícias

✓ Materiais cientificamente embasados ✓ Equipe multidisciplinar ✓ Suporte especializado ✓ Atualizações constantes

MÓDULO 1: Gestão de sala de aula : Estratégias para lidar com comportamentos desafiadores, manejo de conflitos, rotinas eficientes, motivação e engajamento. MÓDULO 2: Educação Infantil : Abordagens lúdicas, desenvolvimento infantil, adaptação escolar e muito mais. MÓDULO 3: Inclusão Escolar : Palestras claras e sensíveis sobre TDAH, Autismo, Altas Habilidades, e como criar um ambiente verdadeiramente acolhedor. MÓDULO 4: Reunião de Pais de Responsáveis : Temas para fortalecer a parceria escola-família, comunicação eficaz e orientação aos pais. MÓDULO 5: Habilidades Socioemocionais com os Alunos: Descubra estratégias práticas para trabalhar as emoções e fortalecer o vínculo entre professor e aluno. MÓDULO 6: Motivação e Engajamento dos Alunos: Aprenda a inspirar seus alunos e transformar o clima da sala de aula com técnicas simples e eficazes. MÓDULO 7: Aprendizagem Ativa e Colaborativa: Inove suas práticas pedagógicas com metodologias que colocam o aluno como protagonista do próprio aprendizado. MÓDULO 8: Protagonismo Estudantil: Palestras que mostram como despertar o senso de responsabilidade, liderança e iniciativa nos alunos. + Palestras sugeridas pelos alunos (você também poderá sugerir) Suporte e Atendimento pelo WhatsApp Garantia incondicional de 15 dias Atualizações frequentes! ACESSO IMEDIATO E VITALÍCIO Pagamento facilitado! Por que Escolher o nosso pacote de Palestras Pedagógicas?​ Economia de tempo​​​​ Pare de perder horas preciosas querendo criar apresentações do zero e foque no ensino do seu aluno e na experiência que ele terá com os slides.

Economia de dinheiro​ Elimine a necessidade de contratar designer ou agências caras . Invista apenas R$ 47 e tenha Slides profissionais e editáveis.

Facilidade no uso do PowerPoint​ Slides intuitivos e fáceis de editar, você não precisa ser um especialista para editar e personalizar, as palestras já estão prontas.

Aumento de engamento nas aulas e reuniões Cada tema é estratégico e irá incentivar a interação de professores e alunos em cada palestra.

QUERO GARANTIR ESSA OFERTA Veja alguns modelos das páginas editáveis:

QUERO GARANTIR ESSE MATERIAL Agora.. 🔒 Campeão de vendas na KIWIFY Atualizações chegando, o preço vai subir! Aproveite agora para adquirir. Perguntas Frequentes: 📌 Esse material é mesmo pronto para uso? Sim! Você recebe 60+ palestras completas e 100% editáveis todas já estão nos formatos de (PowerPoint e Canva), já com textos, slides, atividades e imagens prontas. Você pode usar como está ou personalizar e adaptar para sua realidade como desejar.

QUERO ADQUIRIR AGORA! . /right-top, right-bottom, left-top, left-bottom, center-top, center-bottom, center-center/ var position = ""left-bottom""; /verde, azul, vermelho, amarelo/ var color = ""verde""; /fade, zoom, from-right, from-left, from-top, from-bottom/ var animation = ""from-left""; /Palestras Pedagógicas/ var product_name = """"; /frase depois do nome da pessoa/ var phrase = ""Comprou o KIT""; var timeout = 4000; /masc, fem, any/ var type_name = ""masc, fem""; var msg_final = """"; var min_time = 5; var max_time = 55; var names_masc = ['Jose', 'Joao', 'Antonio', 'Carlos', 'Paulo', 'Lucas', 'Marcos', 'Gabriel', 'Felipe', 'Rafael', 'Daniel', 'Bruno', 'Eduardo', 'Leonardo', 'Rodrigo']; var names_fem = ['Maria', 'Ana', 'Francisca', 'Antonia', 'Adriana', 'Juliana', 'Marcia', 'Fernanda', 'Patricia', 'Aline', 'Sandra', 'Camila', 'Amanda', 'Bruna', 'Jessica', 'Leticia', 'Julia', 'Luciana', 'Vanessa', 'Mariana', 'Gabriela', 'Vera', 'Vitoria', 'Larissa', 'Claudia', 'Beatriz', 'Rita', 'Luana', 'Sonia', 'Renata', 'Eliane', 'Tatiane', 'Karina', 'Simone', 'Michele', 'Isabela', 'Cintia', 'Daniele', 'Flavia', 'Priscila', 'Silvana', 'Carla', 'Andrea', 'Debora', 'Monica', 'Thais', 'Sabrina', 'Cristiane', 'Regina', 'Helena', 'Bianca', 'Clarice', 'Isadora', 'Tatiana', 'Lorena', 'Paula', 'Raquel', 'Natalia', 'Elaine', 'Rosangela', 'Elizabeth', 'Caroline', 'Lilian']; var option = { position: position, cssAnimationStyle: animation, plainText: false, timeout: timeout }; function show_notification() { if (type_name == ""masc"") { msg_final = "" "" + names_masc[Math.floor(Math.random() * names_masc.length)] + "" ""; } else if (type_name == ""fem"") { msg_final = "" "" + names_fem[Math.floor(Math.random() * names_fem.length)] + "" ""; } else { var array_aux = [""masc"", ""fem""]; if (array_aux[Math.floor(Math.random() * array_aux.length)] == ""masc"") { msg_final = "" "" + names_masc[Math.floor(Math.random() * names_masc.length)] + "" ""; } else { msg_final = "" "" + names_fem[Math.floor(Math.random() * names_fem.length)] + "" ""; } } msg_final += decodeURIComponent(escape("" "" + phrase + "" "" + product_name)); var tempo = Math.floor(Math.random() * (max_time - min_time + 1)) + min_time; msg_final += "" há "" + tempo + "" minutos atrás ""; switch (color) { case ""verde"": Notiflix.Notify.Success(msg_final, option); break; case ""azul"": Notiflix.Notify.Info(msg_final, option); break; case ""vermelho"": Notiflix.Notify.Failure(msg_final, option); break; case ""amarelo"": Notiflix.Notify.Warning(msg_final, option); break; default: Notiflix.Notify.Success(msg_final, option); } } show_notification(); setInterval(show_notification, 30000); Garantia total de satisfação Acreditamos tanto na qualidade dos materiais e conteúdos do nosso Kit de Palestras Pedagógicas que oferecemos uma garantia completa: Você tem 15 dias para testar . 100% Garantido ou seu Dinheiro de Volta Se não ficar satisfeito, devolvemos 100% do seu investimento. Sem perguntas, sem complicação. Última Chance: Transforme Suas Apresentações Hoje Enquanto você decide, outros educadores já estão garantindo seu kit e se preparando para impressionar nos próximos dias.

Facebook Youtube Sobre Nós Somos uma marca dedicada a democratizar o acesso ao conhecimento, oferecendo produtos educacionais inovadores e profissionais. ✓ Materiais cientificamente embasados ✓ Equipe multidisciplinar ✓ Suporte especializado ✓ Atualizações constantes",kiwify_page_blocks,Content/base_de_dados/ebooks_gestao_sala/raw/copy_texts/kiwify-palestras-pedag-gicas-ss.md
Hotmart,ebook,Ebook: 9 Modelos de Gestão da Sala de Aula,Elaine Lourença,nao publico,BRL,professores e coordenadores,https://hotmart.com/pt-br/marketplace/produtos/ebook-9-modelos-de-gestao-da-sala-de-aula/C1828908C,"Livro eletrônico com 9 modelos consagrados de gestão da disciplina para criar procedimentos, regras, rotinas e plano disciplinar.",nao publico,nao publico,nao publico,nao publico,https://hotmart.com/pt-br/marketplace/produtos/ebook-9-modelos-de-gestao-da-sala-de-aula/C1828908C,"Indica foco em regras, tempo, relação professor-aluno e organização da sala.","Livro Eletrônico: 9 Modelos de Gestão da Sala de Aula que ajudarão o Professor, Coordenador e Diretor a criar Plano Disciplinar da Escola. O Livro aborda 9...

Livro Eletrônico: 9 Modelos de Gestão da Sala de Aula que ajudarão o Professor, Coordenador e Diretor a criar Plano Disciplinar da Escola.

O Livro aborda 9 Modelos consagrados de Gestão da Disciplina que auxiliarão o Professor a:

? Criar procedimentos, regras e rotinas

? Criar Plano Disciplinar para melhor gerir o tempo e os alunos na sala de aula

? Melhorar o relacionamento Professor e Aluno

? Organizar a Gestão da Sala de Aula

Este Livro Eletrônico é indicado para Professores de todas as disciplinas em qualquer nível de ensino (Infantil, Fundamental, Médio, Técnico e Superior)

Ebook: 9 Modelos de Gestão da Sala de Aula

Comece na Hotmart gratuitamente

Poucos passos, muitas possibilidades",hotmart_visible_paragraphs,Content/base_de_dados/ebooks_gestao_sala/raw/copy_texts/hotmart-ebook-9-modelos-de-gest-o-da-sala-de-aula.md
Hotmart,ebook,Gestão de Sala de Aula: 55 Estratégias Práticas e Comprovadas para Você Dominar Qualquer Sala de Aula (Inclusive as Mais Difíceis),nao publico,nao publico,BRL,professores,https://hotmart.com/pt-br/marketplace/produtos/gestao-de-sala-de-aula-55-estrategias-praticas-e-comprovadas-para-voce-dominar-qualquer-sala-de-aula-inclusive-as-mais-dificeis/A96497209B,"Guia com técnicas práticas e versáteis para crescer, respeitar, colaborar e enfrentar turmas difíceis com organização e relacionamento.",nao publico,nao publico,nao publico,nao publico,https://hotmart.com/pt-br/marketplace/produtos/gestao-de-sala-de-aula-55-estrategias-praticas-e-comprovadas-para-voce-dominar-qualquer-sala-de-aula-inclusive-as-mais-dificeis/A96497209B,Promessa forte de domínio da turma e de enfrentamento de casos difíceis.,"Transforme sua sala de aula em um ambiente de crescimento, respeito e colaboração com ""Gestão de Sala de Aula: 55 Estratégias Comprovadas para Dominar...

Transforme sua sala de aula em um ambiente de crescimento, respeito e colaboração com ""Gestão de Sala de Aula: 55 Estratégias Comprovadas para Dominar Qualquer Turma (Inclusive as Mais Difíceis)"". Este e-book traz um conjunto de técnicas práticas e versáteis, elaborado para ajudar os educadores a enfrentar os desafios diários da educação, indo além do conteúdo curricular e promovendo o desenvolvimento integral dos alunos.

Com uma abordagem que valoriza a construção de relacionamentos de respeito mútuo, a organização coletiva e o trabalho significativo com o conhecimento, este guia oferece estratégias simples e práticas para cultivar uma sala de aula dinâmica e inclusiva. Cada técnica foi pensada para facilitar não apenas a aprendizagem acadêmica, mas também o desenvolvimento das habilidades sociais e emocionais dos alunos, preparando-os para os desafios do futuro.

""Gestão de Sala de Aula"" é mais que um conjunto de dicas; é um convite para educadores que desejam se tornar agentes de mudança positiva, criando espaços de aprendizagem onde cada aluno se sinta valorizado e motivado a aprender. Repleto de insights práticos e exemplos que incentivam a inovação e o crescimento contínuo, este e-book é um recurso essencial para quem deseja impactar suas turmas de maneira transformadora.

Ideal para professores comprometidos com uma educação mais inclusiva e adaptável às necessidades reais de seus alunos, este material é um guia prático para quem acredita que a educação é um campo vivo, enriquecido pela criatividade e pela constante busca por melhorias.

Gestão de Sala de Aula: 55 Estratégias Práticas e Comprovadas para Você Dominar Qualquer Sala de Aula (Inclusive as Mais ""Difíceis"")

Comece na Hotmart gratuitamente

Poucos passos, muitas possibilidades",hotmart_visible_paragraphs,Content/base_de_dados/ebooks_gestao_sala/raw/copy_texts/hotmart-gest-o-de-sala-de-aula-55-estrat-gias-pr-ticas-e-comprovadas-para-voc-dominar-qual.md
Hotmart,ebook,Gestão de Sala de Aula na Prática,nao publico,nao publico,BRL,professores da educação infantil e ensino fundamental,https://hotmart.com/pt-br/marketplace/produtos/gestao-de-sala-de-aula-na-pratica/C102285825Q,"Guia prático com estratégias, exemplos, checklists, regras visuais e diário de reflexão para reduzir estresse e aumentar produtividade.",nao publico,nao publico,nao publico,nao publico,https://hotmart.com/pt-br/marketplace/produtos/gestao-de-sala-de-aula-na-pratica/C102285825Q,Forte ênfase em checklists e recursos extras em PDF.,"Este eBook é um guia prático e completo sobre Gestão de Sala de Aula, criado especialmente para professores da Educação Infantil e Ensino Fundamental. Ele...

Este eBook é um guia prático e completo sobre Gestão de Sala de Aula, criado especialmente para professores da Educação Infantil e Ensino Fundamental. Ele reúne estratégias eficazes, exemplos reais e checklists aplicáveis para ajudar educadores a manterem uma sala organizada, engajada e produtiva.

O material aborda desde a organização do espaço físico, construção de regras e rotinas, prevenção e manejo de comportamentos desafiadores, até o uso positivo da tecnologia e a autogestão do professor. Além do conteúdo, o leitor terá acesso a recursos extras em PDF, como quadros de regras visuais, checklists de planejamento e diário de reflexão docente.

É a ferramenta ideal para professores que desejam ensinar com mais tranquilidade, motivação e resultados, transformando a experiência de aprendizagem dos alunos e reduzindo o estresse da rotina escolar.

Gestão de Sala de Aula na Prática

Comece na Hotmart gratuitamente

Poucos passos, muitas possibilidades",hotmart_visible_paragraphs,Content/base_de_dados/ebooks_gestao_sala/raw/copy_texts/hotmart-gest-o-de-sala-de-aula-na-pr-tica.md
Hotmart,ebook,Como Vencer a INDISCIPLINA,AGE Digital,nao publico,BRL,professores,https://hotmart.com/pt-br/marketplace/produtos/como-vencer-a-indisciplina/M87694669K,"Guia completo para estabelecer regras, fomentar comportamento positivo, resolver conflitos e construir parceria escola-família.",nao publico,nao publico,nao publico,nao publico,https://hotmart.com/pt-br/marketplace/produtos/como-vencer-a-indisciplina/M87694669K,Uso de promessa direta e método infalível.,"👩🏻‍🏫Em um mundo onde a indisciplina pode ser um desafio constante nas salas de aula, nosso e-book ""Como Vencer a Indisciplina - Métodos Infalíveis para...

👩🏻‍🏫Em um mundo onde a indisciplina pode ser um desafio constante nas salas de aula, nosso e-book ""Como Vencer a Indisciplina - Métodos Infalíveis para Dominar Sua Turma"" é a solução definitiva para professores que buscam um ambiente de aprendizado respeitoso e produtivo.

➡️Este ebook é o seu guia completo para transformar sua sala de aula em um espaço onde a disciplina e o respeito florescem. Através de métodos comprovados, estratégias eficazes e dicas práticas, você aprenderá a:

✔️Estabelecer expectativas claras e regras sólidas que todos os alunos entenderão.

✔️Fomentar o comportamento positivo e reforçar atitudes respeitosas.

✔️Resolver conflitos de maneira pacífica e construtiva.

✔️Comunicar-se de forma eficaz com os alunos, mantendo um ambiente de aprendizado positivo.

✔️Desenvolver habilidades socioemocionais nos alunos, capacitando-os a lidar com suas emoções e relacionamentos.

✔️Colaborar com os pais e criar uma parceria escola-família eficaz.

⭐Seja você um professor experiente ou alguém que está começando sua jornada na educação, este ebook oferece métodos infalíveis para enfrentar a indisciplina e criar um ambiente de aprendizado que nutre o crescimento acadêmico e pessoal de seus alunos.

Como Vencer a INDISCIPLINA

Comece na Hotmart gratuitamente

Poucos passos, muitas possibilidades",hotmart_visible_paragraphs,Content/base_de_dados/ebooks_gestao_sala/raw/copy_texts/hotmart-como-vencer-a-indisciplina.md
Hotmart,ebook,Gestão de sala de aula, Cristiana de Morais Benedito Lourenço Dias,nao publico,BRL,educadores e gestores escolares,https://hotmart.com/pt-br/marketplace/produtos/hagsxd-gestao-de-sala-de-aula-5x6xg/S95388521R,"Material sobre gestão eficaz, clima positivo, disciplina, motivação, comunicação clara e planejamento detalhado.",nao publico,nao publico,nao publico,nao publico,https://hotmart.com/pt-br/marketplace/produtos/hagsxd-gestao-de-sala-de-aula-5x6xg/S95388521R,Abordagem ampla para professores experientes e iniciantes.,"Se você é educador, gestor escolar ou simplesmente um apaixonado pelo processo educativo, este material foi cuidadosamente elaborado para oferecer insights...

Se você é educador, gestor escolar ou simplesmente um apaixonado pelo processo educativo,

este material foi cuidadosamente elaborado para oferecer insights valiosos sobre como

uma gestão eficaz pode transformar o ambiente de aprendizado.

A gestão de sala de aula não é apenas uma

questão de manter a ordem ou cumprir com um cronograma; trata-se de criar um

ambiente que favoreça o aprendizado, estimule a participação ativa e construa uma

comunidade de respeito e colaboração.

Neste eBook, exploraremos as práticas e estratégias que fazem a diferença na gestão eficaz

de sala de aula. Discutiremos desde técnicas para manter a disciplina e motivar os alunos

até formas de criar um clima de sala de aula positivo e inclusivo. Vamos também abordar a

Gestão de sala

de aula

importância da comunicação clara, do planejamento detalhado e da flexibilidade para

atender às necessidades diversas dos alunos.

Seja você um professor experiente ou alguém que está começando sua jornada na

educação, este material oferece ferramentas e reflexões que ajudarão a otimizar o

ambiente de aprendizado, tornando-o mais produtivo e satisfatório para todos os

envolvidos. Esperamos que, ao final desta leitura, você se sinta inspirado e capacitado a

implementar práticas que não só melhorem a gestão da sua sala de aula, mas também

enriqueçam o processo de ensino e aprendizagem.

Prepare-se para descobrir como uma gestão de sala de aula bem-sucedida pode ser a chave

para um ensino mais eficaz e transformador. Vamos começar essa jornada em direção à

excelência educacional!

Gestão de sala de aula

Comece na Hotmart gratuitamente

Poucos passos, muitas possibilidades",hotmart_visible_paragraphs,Content/base_de_dados/ebooks_gestao_sala/raw/copy_texts/hotmart-gest-o-de-sala-de-aula.md
Hotmart,ebook,Planner de Gestão de Sala de Aula 2025,Luana Gabriela Schwarz Hol... ,nao publico,BRL,professores,https://hotmart.com/pt-br/marketplace/produtos/planner-de-gestao-de-sala-de-aula-2025/U99228446U,"Planner para registrar combinados, planejar semana, acompanhar comportamento, comunicar com pais e refletir sobre a prática.",nao publico,1,5.0,nao publico,https://hotmart.com/pt-br/marketplace/produtos/planner-de-gestao-de-sala-de-aula-2025/U99228446U,"Promessa de leveza, intencionalidade, conexão e disciplina positiva.","Você sente que falta tempo e clareza para gerenciar sua turma com mais tranquilidade? Já se viu tentando lembrar combinados, lidar com conflitos e organizar...

Você sente que falta tempo e clareza para gerenciar sua turma com mais tranquilidade? Já se viu tentando lembrar combinados, lidar com conflitos e organizar atividades tudo ao mesmo tempo?

Este Planner de Gestão de Sala de Aula foi criado especialmente para professores que desejam transformar a rotina escolar com mais leveza, intencionalidade e conexão com os alunos.

💡 Com ele, você poderá:

✅ Registrar regras e combinados com os alunos de forma participativa

✅ Planejar sua semana com foco em objetivos pedagógicos e emocionais

✅ Acompanhar o comportamento da turma com olhar respeitoso e estratégico

✅ Organizar a comunicação com os pais e responsáveis

✅ Aplicar recompensas e incentivos que realmente funcionam

✅ Refletir sobre sua prática com espaços para anotações e evolução contínua

Ideal para imprimir, usar no tablet ou no computador. Seja você professor(a) do ensino infantil, fundamental ou médio, este planner vai se adaptar à sua realidade!

🧠 Organização, disciplina positiva e clareza para você ensinar com mais leveza e propósito!

Planner de Gestão de Sala de Aula 2025

Comece na Hotmart gratuitamente

Poucos passos, muitas possibilidades",hotmart_visible_paragraphs,Content/base_de_dados/ebooks_gestao_sala/raw/copy_texts/hotmart-planner-de-gest-o-de-sala-de-aula-2025.md
Hotmart,ebook,COMBO GESTÃO DE SALA DE AULA 1,Gisele Costa Pedagoga,nao publico,BRL,professores da educacao infantil,https://hotmart.com/pt-br/marketplace/produtos/combo-gestao-de-sala-de-aula-1/O97899963S,"Combo com cartaz de nível de voz, cards de rotina, duplas, grupos e templates editáveis no Canva.",nao publico,nao publico,nao publico,nao publico,https://hotmart.com/pt-br/marketplace/produtos/combo-gestao-de-sala-de-aula-1/O97899963S,Categoria de material visual e organizacional para rotina e disciplina.,"O Combo Gestão de Sala de Aula 1 facilita o dia a dia do professor e a organização do aluno. Você receberá: - Cartaz Nível de Voz com 5 opções de cor, em...

O Combo Gestão de Sala de Aula 1 facilita o dia a dia do professor e a organização do aluno.

Você receberá:

- Cartaz Nível de Voz com 5 opções de cor, em PDF, nas versões tamanho A4 e ampliada (2 folhas A4) para escolher a que melhor lhe atende;

- Cards da Rotina em PDF e Template Editável no Canva;

- Cards das duplas para até 40 alunos (nada de deixar aluno sem dupla!)

- Cards dos grupos para até 40 alunos (nada de deixar aluno constrangido porque ficou sem grupo. Os cards das duplas e dos grupos ajudam a testar novos pareamentos e você também pode distribuir os cards de acordo com as duplas e grupos previamentes pensados por você, caso deseje.

COMBO GESTÃO DE SALA DE AULA 1

Comece na Hotmart gratuitamente

Poucos passos, muitas possibilidades",hotmart_visible_paragraphs,Content/base_de_dados/ebooks_gestao_sala/raw/copy_texts/hotmart-combo-gest-o-de-sala-de-aula-1.md
Hotmart,ebook,Indisciplina Escolar e Ensino Centrado no Aluno Uma abordagem fundamentada na Abordagem Centrada na Pessoa,Benjamim Amorim,nao publico,BRL,educadores,https://hotmart.com/pt-br/marketplace/produtos/indisciplina-escolar-e-ensino-centrado-no-aluno-uma-abordagem-fundamentada-na-abordagem-centrada-na-pessoa/I104717728U,Leitura humanista da indisciplina como expressão de necessidades emocionais e relacionais não atendidas.,nao publico,nao publico,nao publico,nao publico,https://hotmart.com/pt-br/marketplace/produtos/indisciplina-escolar-e-ensino-centrado-no-aluno-uma-abordagem-fundamentada-na-abordagem-centrada-na-pessoa/I104717728U,Promessa de transformação das relações escolares e reconstrução do sentido da educação.,,error:HTTPError,
Clube de Autores,ebook,A INDISCIPLINA ESCOLAR COMO SINTOMA DE PATOLOGIAS SOCIAIS,PROMOTOR WILLIAM LUZ,"ebook R$ 15,63",BRL,educadores e interessados em políticas públicas,https://clubedeautores.com.br/livro/a-indisciplina-escolar-como-sintoma-de-patologias-sociais,"Abordagem sob a ótica do Ministério Público, com foco em causas sociais e intervenções institucionais.",6022,nao publico,nao publico,99,https://clubedeautores.com.br/livro/a-indisciplina-escolar-como-sintoma-de-patologias-sociais,Uma das páginas com maior número de visualizações públicas na categoria.,"O presente livro é uma tese desenvolvida pelo Promotor de Justiça William Luz, centrada na ideia de que a Indisciplina Escolar não é um problema apenas da escola. Pelo contrário. O ser humano em desenvolvimento, crianças e adolescentes, são a parte mais fraca nas mutações sociais, e os traumas sofridos na fragmentação da família, e nas vicissitudes sociais, geralmente causam mais danos a esses. O Ministério Público, entidade de fiscalização e acompanhamento do sistema educacional, não pode ficar alheio a esse problema, devendo ser acionado nos casos mais graves de indisciplina escolar, pois, geralmente, cedo ou tarde esses casos deixarão a sala de aula para ocupar as cadeias e presídios.

Sinopse

O problema da indisciplina escolar não é uma questão apenas interna da escola. O problema é bem maior. A indisciplina pode decorrer da natural necessidade de contestação da pessoa em processo de formação, mas também pode decorrer de outros aspectos. Geralmente os casos mais graves de indisciplina escolar estão ligados a traumas decorrentes da fragmentação da família e de questões sociais. Por causa disso, o Ministério Público, como entidade competente para fiscalizar e acompanhar a gestão educacional, deve intervir, para tentar solucionar os casos mais graves. Essa é a tese central desse ensaio.",clube_summary,Content/base_de_dados/ebooks_gestao_sala/raw/copy_texts/clube-de-autores-a-indisciplina-escolar-como-sintoma-de-patologias-sociais.md
Clube de Autores,ebook,A INDISCIPLINA ESCOLAR COMO SINTOMA DE PATOLOGIAS SOCIAIS,PROMOTOR WILLIAM LUZ,"versão impressa R$ 34,19",BRL,educadores e interessados em políticas públicas,https://clubedeautores.com.br/livro/a-indisciplina-escolar-como-sintoma-de-patologias-sociais,Mesma obra em versão impressa com maior ticket e forte apelo institucional.,6022,nao publico,nao publico,99,https://clubedeautores.com.br/livro/a-indisciplina-escolar-como-sintoma-de-patologias-sociais,Útil para mapear a mesma tese em dois formatos.,"O presente livro é uma tese desenvolvida pelo Promotor de Justiça William Luz, centrada na ideia de que a Indisciplina Escolar não é um problema apenas da escola. Pelo contrário. O ser humano em desenvolvimento, crianças e adolescentes, são a parte mais fraca nas mutações sociais, e os traumas sofridos na fragmentação da família, e nas vicissitudes sociais, geralmente causam mais danos a esses. O Ministério Público, entidade de fiscalização e acompanhamento do sistema educacional, não pode ficar alheio a esse problema, devendo ser acionado nos casos mais graves de indisciplina escolar, pois, geralmente, cedo ou tarde esses casos deixarão a sala de aula para ocupar as cadeias e presídios.

Sinopse

O problema da indisciplina escolar não é uma questão apenas interna da escola. O problema é bem maior. A indisciplina pode decorrer da natural necessidade de contestação da pessoa em processo de formação, mas também pode decorrer de outros aspectos. Geralmente os casos mais graves de indisciplina escolar estão ligados a traumas decorrentes da fragmentação da família e de questões sociais. Por causa disso, o Ministério Público, como entidade competente para fiscalizar e acompanhar a gestão educacional, deve intervir, para tentar solucionar os casos mais graves. Essa é a tese central desse ensaio.",clube_summary,Content/base_de_dados/ebooks_gestao_sala/raw/copy_texts/clube-de-autores-a-indisciplina-escolar-como-sintoma-de-patologias-sociais.md
Clube de Autores,ebook,A indisciplina em sala de aula,Aldair de Jesus,"ebook R$ 25,13",BRL,professores e pesquisadores,https://clubedeautores.com.br/livro/a-indisciplina-em-sala-de-aula-3,"Estudo das causas, dificuldades de gestão e estratégias de controle numa turma do ensino fundamental.",1115,nao publico,nao publico,142,https://clubedeautores.com.br/livro/a-indisciplina-em-sala-de-aula-3,Mostra linguagem mais acadêmica e de estudo de caso.,"Sinopse

Uma dissertação de mestrado que versa sobre as causas da indisciplina escolar, os eventos e as estratégias de gestão e controle numa turma do ensino fundamental. Um estudo realizado por meio de observações informais e sobretudo através dos questionários aplicados respectivamente a alunos, professores e diretora da escola que nos permitiu detectar alguns fatores de natureza escolar e familiar que são indicadores das causas de indisciplinas, como a ausência de normas regimentais que regulem o andamento da escola, aplicação de práticas docentes inadequadas na aula, e dificuldade de acompanhamento dos filhos pela família.",clube_summary,Content/base_de_dados/ebooks_gestao_sala/raw/copy_texts/clube-de-autores-a-indisciplina-em-sala-de-aula.md
Clube de Autores,ebook,INDISCIPLINA DO ALUNO ADOLESCENTE EM IDADE ESCOLAR,Gislayne Christina de Azevedo; Leandro Correia Fernandes; Samira El’ Khoueiri Fernandes,"ebook R$ 21,56",BRL,pais e professores,https://clubedeautores.com.br/livro/indisciplina-do-aluno-adolescente-em-idade-escolar,"Obra sobre adolescência, motivação e ligação escola-família-aluno como base para resolver conflitos.",1499,nao publico,nao publico,37,https://clubedeautores.com.br/livro/indisciplina-do-aluno-adolescente-em-idade-escolar,Trabalha a fase adolescente como chave da indisciplina.,"Sinopse

Nos últimos muitos professores têm manifestado preocupações quanto às relações entre a adolescência, indisciplina e baixa motivação para a aprendizagem. Existem vários fatores que podem influenciar o fracasso escolar e merecem destaque com relação as orientações para essa problemática começamos por tentar entender o que se passa na cabeça dos adolescentes e sua indisciplina escolar. A ligação escola-família-aluno se faz muito importante, pois ambas são a base para a resolução de muitos conflitos, pois a quebra dessa ligação pode levar os alunos adolescentes a resistir, e até mesmo desistir da escola. Baseado nesse conflito, escrevemos um livro que ajudará pais e professores a lidarem e entenderem essa fase difícil na vida do aluno, não só na adolescência em casa, mas na fase escolar também.",clube_summary,Content/base_de_dados/ebooks_gestao_sala/raw/copy_texts/clube-de-autores-indisciplina-do-aluno-adolescente-em-idade-escolar.md
Clube de Autores,ebook,Professor bonzinho - Aluno difícil: A questão da indisciplina em sala de aula,Celso Antunes,nao publico,BRL,professores,https://books.google.com/books/about/Professor_bonzinho_Aluno_dif%C3%ADcil.html?id=q4owDwAAQBAJ,"Livro prático e direto com pistas de soluções, práticas, princípios, estratégias, modelos e exemplos concretos.",nao publico,nao publico,nao publico,64,https://books.google.com/books/about/Professor_bonzinho_Aluno_dif%C3%ADcil.html?id=q4owDwAAQBAJ,Título muito forte para promessa de autoridade e confronto com permissividade.,"Uma coleção desenvolvida para o professor manter-se atualizado de maneira prática e simples, dando pistas de soluções, sugerindo práticas, expondo princípios, discutindo estratégias, propondo modelos e apresentando exemplos concretos. Professor bonzinho, camarada, permissivo, manobrável, é professor alienado. Perdeu sua identidade como pessoa e dignidade como integrante de uma classe profissional. O professor se aliena quando vê, inerte, extinguir sua vontade e sua paixão e a capacidade de decidir sobre o que produz.",clube_summary,Content/base_de_dados/ebooks_gestao_sala/raw/copy_texts/clube-de-autores-professor-bonzinho-aluno-dif-cil-a-quest-o-da-indisciplina-em-sala-de-aul.md
Google Books,literatura,Gestão da Sala de Aula - 4ª Edição,Carol Simon Weinstein; Ingrid Novodvorsky,nao publico,BRL,professores,https://books.google.com/books/about/Gest%C3%A3o_da_Sala_de_Aula_4%C2%AA_Edi%C3%A7%C3%A3o.html?id=On-MCgAAQBAJ,"Guia abrangente para criar ambiente afetivo, organizado e produtivo com base em pesquisas e exemplos reais.",nao publico,nao publico,nao publico,nao publico,https://books.google.com/books/about/Gest%C3%A3o_da_Sala_de_Aula_4%C2%AA_Edi%C3%A7%C3%A3o.html?id=On-MCgAAQBAJ,Edição clássica para benchmarking de autoridade editorial.,"Esta obra é um guia abrangente para criar um ambiente de aprendizagem afetivo, organizado e produtivo. A experiência inspiradora de professores de disciplinas como química, matemática, história e geografia, em escolas de perfis demográficos variados, levanta discussões fundamentais sobre a gestão do ambiente escolar. Combinando recomendações baseadas em pesquisas com exemplos reais de instituições de ensino, Gestão da sala de aula oferece aos professores orientações para lidar com os principais desafios da sala de aula atual, auxiliando na construção de relações qualificadas com os alunos.",google_books_meta,Content/base_de_dados/ebooks_gestao_sala/raw/copy_texts/google-books-gest-o-da-sala-de-aula-4-edi-o.md
Google Books,literatura,Aula Nota 10 2.0: 62 técnicas para melhorar a gestão da sala de aula,Doug Lemov,nao publico,BRL,professores,https://books.google.com/books/about/Aula_Nota_10_2_0.html?id=IO9ADwAAQBAJ,"Coleção de técnicas para engajar alunos, ajustar práticas clássicas e transformar teoria em ação com vídeos.",nao publico,nao publico,nao publico,424,https://books.google.com/books/about/Aula_Nota_10_2_0.html?id=IO9ADwAAQBAJ,Edição anterior da linha Aula Nota 10.,"Ensinar é um dos trabalhos mais importantes do mundo e, geralmente, um dos mais difíceis. Professores excelentes estão sempre se empenhando em aprender e melhorar suas aulas, e não importa o quão bons eles sejam, sempre há algo a ser aprimorado. Aula nota 10 2.0 reúne a experiência de professores em salas de aula ao redor do mundo e oferece um conjunto atualizado de técnicas efetivas e envolventes para aprimorar a gestão da sala de aula. Esta obra mostra como ajustar técnicas de ensino clássicas para serem ainda mais eficazes, executar técnicas totalmente novas que mantêm os alunos engajados e focados na aprendizagem e transformar a teoria em ação com demonstrações em vídeos.",google_books_meta,Content/base_de_dados/ebooks_gestao_sala/raw/copy_texts/google-books-aula-nota-10-2-0-62-t-cnicas-para-melhorar-a-gest-o-da-sala-de-aula.md
Google Books,literatura,Aula nota 10: 49 técnicas para se tornar um professor campeão de audiência,Doug Lemov,nao publico,BRL,professores,https://books.google.com/books/about/Aula_nota_10.html?id=2d5dAgAAQBAJ,"Promessa de eficácia, altas expectativas e técnicas para criar clima positivo e estimular pensamento crítico.",nao publico,nao publico,nao publico,336,https://books.google.com/books/about/Aula_nota_10.html?id=2d5dAgAAQBAJ,Título clássico de escala mundial.,"É possível melhorar o nível de aprendizado dos alunos e sua relação com as matérias? Doug Lemov, professor, diretor de escolas e pesquisador do aprendizado tem certeza que sim. Mas não é só isso, para ele criar as 49 técnicas capazes de dar aos alunos uma vida estudantil mais efetiva, só faria sentido se fosse a partir dos melhores professores. Eles foram identificados, gravados e acompanhados de perto, especialistas em sistema cognitivo entraram em campo e o autor foi nomeando e definindo como as tais técnicas operam. O resultado é um plano de ação para os mais diversos momentos de uma dinâmica de aula, um verdadeiro aliado de professores dedicados e que querem ter uma ação mais eficaz sobre o a vida dos alunos. Desde o lançamento o livro é uma verdadeira revolução nas práticas de sala de aula. Essa é uma revolução que o Brasil precisa.",google_books_meta,Content/base_de_dados/ebooks_gestao_sala/raw/copy_texts/google-books-aula-nota-10-49-t-cnicas-para-se-tornar-um-professor-campe-o-de-audi-ncia.md
Google Books,literatura,Aula nota 10 - Guia Prático: Exercícios para atingir proficiência nas 49 técnicas e maximizar o aprendizado,Doug Lemov,nao publico,BRL,professores,https://books.google.com/books/about/Aula_nota_10_Guia_Pr%C3%A1tico.html?id=SN9dAgAAQBAJ,"Guia de exercícios, prática, resolução de problemas e sustentação de progresso nas técnicas de aula.",nao publico,nao publico,nao publico,448,https://books.google.com/books/about/Aula_nota_10_Guia_Pr%C3%A1tico.html?id=SN9dAgAAQBAJ,Extensão prática da série principal.,"Doug Lemov desceu mais nos detalhes de cada uma das técnicas criando não apenas um mapa de conexão entre elas como também todas as condições para que um professor consiga descobrir seus benefícios e as melhores maneiras de se aprimorar naquela técnica. Em cada uma delas apresenta: resumo; onde estou agora?; amplie suas habilidades e seu repertório; pratique com um grupo de estudos ou colegas; experimente a técnica em sala de aula; resolução de problemas; seja criativo; e, sustente seu progresso. Os exercícios, dinâmicas, e jogos de como se comunicar e interagir com os alunos se mostraram muito eficientes no mercado americano onde o livro encontrou receptividade semelhante ao primeiro. Os professores brasileiros agora ganharam ferramenta concreta para auxiliar seus alunos a mudar o patamar da nossa educação.",google_books_meta,Content/base_de_dados/ebooks_gestao_sala/raw/copy_texts/google-books-aula-nota-10-guia-pr-tico-exerc-cios-para-atingir-profici-ncia-nas-49-t-cnica.md
Google Books,literatura,Disciplina escolar,George V. Sheviakov; Fritz Redl,nao publico,BRL,professores e pesquisadores,https://books.google.com/books/about/Disciplina_escolar.html?id=i5a60AEACAAJ,Publicação histórica e curta sobre disciplina escolar.,nao publico,nao publico,nao publico,26,https://books.google.com/books/about/Disciplina_escolar.html?id=i5a60AEACAAJ,"Item histórico, útil para repertório, não para venda direta contemporânea.",,google_books_meta,
Google Books,literatura,Disciplina Escolar,Rosalba Zamudio Villafuerte,nao publico,BRL,professores e pesquisadores,https://books.google.com/books/about/Disciplina_Escolar.html?id=jD2OtgAACAAJ,Proposta metodológica para intervenção do professor ao gerir a disciplina escolar.,nao publico,nao publico,nao publico,408,https://books.google.com/books/about/Disciplina_Escolar.html?id=jD2OtgAACAAJ,Obra com viés de doutorado e forte densidade técnica.,"Establecer las condiciones para que el proceso instruccional se lleve a cabo en un clima óptimo de convivencia en donde los alumnos cumplan con su deber de aprender y los profesores de enseñar, exige un conocimiento adecuado sobre los diversos factores que en el aula se concitan para obstruir o facilitar la consecución de los objetivos del proceso enseñanza-aprendizaje; en este haz de factores, la disciplina escolar representa sin lugar a dudas, un instrumento fundamental. El libro ahora en sus manos, constituye una obra cuya elaboración tuvo lugar durante el doctorado en la UAB. Tiempo que me permitió estudiar la situación actual de la disciplina escolar, y argumentando la factibilidad del enfoque preventivo de ésta en el aula, pondero las orientaciones básicas para que metodológicamente la intervención del maestro al gestionar la disciplina atienda un proceso adecuado y confiable. Por ello, más que presentar un estado descriptivo del tema, como experta brindo una propuesta para intervenir en este espinoso ámbito de la educación. La revisión de los contenidos con toda seguridad le llevará a reflexiones, retos cognitivos y soluciones posibles en torno a este campo.",google_books_meta,Content/base_de_dados/ebooks_gestao_sala/raw/copy_texts/google-books-disciplina-escolar.md
Google Books,literatura,La Disciplina Escolar: Propuesta de Trabajo en el Marco Global Del Ce,Chris Watkins; Patsy Wagner,nao publico,BRL,educadores,https://books.google.com/books/about/La_Disciplina_Escolar.html?id=m_EbPQAACAAJ,"Abordagem prática em três níveis: escola, aula e indivíduo.",nao publico,nao publico,nao publico,188,https://books.google.com/books/about/La_Disciplina_Escolar.html?id=m_EbPQAACAAJ,Útil como referência internacional de framing.,"Este libro ofrece un enfoque practico que permite al lector comprender los patrones de conducta que se dan en la escuela, y utilizarlos para identificar ciertos componentes clave de la vida escolar con los que estan relacionados. Para todo ello, se basa principalmente en tres niveles: - el nivel de la escuela considerada globalmente, donde se incluyen aspectos como el ideario, el plan de estudios y la organizacion misma del centro; - el nivel del aula, en el cual se examinan el contexto de la clase, los roles de los alumnos y el papel del profesor como director del grupo; -el nivel individual, donde se tratan el contexto en el que se da una determinada conducta, el porque de la misma y aquellos datos sobre el entorno familiar que podemos considerar mas relevantes. El texto pretende asi facilitar a los profesores la comprension de los problemas de conducta y ayudarles a enfrentarse a ellos de la manera mas conveniente, ademas de definir cual es la relacion mas apropiada entre la actividad tutorial y la disciplina escolar a medio y largo plazo.",google_books_meta,Content/base_de_dados/ebooks_gestao_sala/raw/copy_texts/google-books-la-disciplina-escolar-propuesta-de-trabajo-en-el-marco-global-del-ce.md
Google Books,literatura,Indisciplina y violencia escolar,Salvador Peiró i Gregori,nao publico,BRL,educadores e pesquisadores,https://books.google.com/books/about/Indisciplina_y_violencia_escolar.html?id=G8i-AAAACAAJ,"Obra em tres partes sobre indisciplina, violencia educacional, casos concretos e propostas para convivencia escolar.",nao publico,nao publico,nao publico,344,https://books.google.com/books/about/Indisciplina_y_violencia_escolar.html?id=G8i-AAAACAAJ,Inclui anexos com questionarios e procedimentos.,"Esta obra se divide en tres partes. La primera describe las variables de la indisciplina y violencia educacionales, proponiendo casos y un cuestionario para definir las situaciones, pasando luego a proporcionar un estudio sistemático de las causas. La segunda parte consiste en un estudio de un caso concreto en un IES, poniendo en conjunción cada uno de los recursos y ofreciendo propuestas para mejorar las situaciones con problemas de convivencia escolar. La parte final está compuesta por un conjunto de anexos que concretan cuestionarios, procedimientos, para abordar las indisciplinas, violencias, etc., así como una amplia bibliografía.",google_books_meta,Content/base_de_dados/ebooks_gestao_sala/raw/copy_texts/google-books-indisciplina-y-violencia-escolar.md
Google Books,literatura,"Disciplina positiva: O guia clássico para pais e professores que desejam ajudar as crianças a desenvolver autodisciplina, responsabilidade, cooperação e habilidades para resolver problemas",Jane Nelsen,nao publico,BRL,pais e professores,https://books.google.com/books/about/Disciplina_positiva.html?id=Uh_PCwAAQBAJ,"Guia clássico da Disciplina Positiva com foco em respeito mutuo, responsabilidade, cooperacao e resolucao de problemas.",nao publico,nao publico,nao publico,308,https://books.google.com/books/about/Disciplina_positiva.html?id=Uh_PCwAAQBAJ,Base conceitual forte para abordagem menos punitiva.,"Disciplina Positiva é uma leitura indispensável para todos aqueles que desejam ensinar aos seus filhos ou alunos habilidades valiosas para a formação de um bom caráter e para o sucesso em casa, na escola e na vida. E nesse processo, por meio da aplicação de princípios eficazes e estratégias criativas, os leitores aprenderão a construir uma ótima base para o enriquecimento da experiência familiar.Editora Manole",google_books_meta,Content/base_de_dados/ebooks_gestao_sala/raw/copy_texts/google-books-disciplina-positiva-o-guia-cl-ssico-para-pais-e-professores-que-desejam-ajuda.md
Google Books,literatura,Disciplina Positiva para Educadores de la Primera Infancia: Habilidades y Conceptos de Disciplina Positiva para Aquellos Que Aman y Trabajan con Niños,Jane Nelsen; Cheryl Erwin; Steven Foster,nao publico,BRL,educadores da primeira infancia,https://books.google.com/books/about/Disciplina_Positiva_para_Educadores_de_l.html?id=kOYBuwEACAAJ,"Manual com atividades e recursos para disciplina positiva, habilidades socioemocionais e disciplina gentil e firme.",nao publico,nao publico,nao publico,272,https://books.google.com/books/about/Disciplina_Positiva_para_Educadores_de_l.html?id=kOYBuwEACAAJ,Forte aderência para educação infantil.,"Bienvenido a Disciplina Positiva para educadores de la primera infancia, una recopilación de actividades y recursos basados en el best-seller clásico de Jane Nelsen, ""Disciplina Positiva: La guía clásica para ayudar a los niños a desarrollar autodisciplina, responsabilidad, cooperación y habilidades para solucionar problemas"" (Título original en inglés: ""Positive Discipline: The Classic Guide to Helping Children Develop Self-Discipline, Responsibility, Cooperation, and Problem-Solving Skill"" (Edición revisada y actualizada, Ballantine Books, 2006), así como sus volúmenes complementarios escritos por Cheryl Erwin y Roslyn Duffy, ""Disciplina Positiva: Los primeros tres años y Disciplina Positiva para niños con necesidades especiales"" (Título original en inglés: ""Positive Discipline: the First Three Years""1 y ""Positive Discipline for Preschoolers"" 2 y ""Positive Discipline for Children with Special Needs""), escrito por Steven Foster y Arlene Raphael. Este manual intenta presentar herramientas poderosas para capacitar a los educadores (y padres), y ayudarlos a comprender la importancia que para los niños pequeños representan las habilidades sociales y emocionales, la disciplina amable y firme que enseña, alienta y prepara en habilidades para la vida, resiliencia y desarrolla el caracter.",google_books_meta,Content/base_de_dados/ebooks_gestao_sala/raw/copy_texts/google-books-disciplina-positiva-para-educadores-de-la-primera-infancia-habilidades-y-conc.md
Google Books,literatura,"Disciplina Positiva na sala de aula montessoriana: Como promover respeito, gentileza e responsabilidade em sala de aula",Jane Nelsen; Chip DeLorenzo,nao publico,BRL,professores de Montessori e educação infantil,https://books.google.com/books/about/Disciplina_Positiva_na_sala_de_aula_mont.html?id=65UB0AEACAAJ,"Propostas práticas para limites, autorregulação, comunicação aberta e senso de pertencimento em sala de aula.",nao publico,nao publico,nao publico,312,https://books.google.com/books/about/Disciplina_Positiva_na_sala_de_aula_mont.html?id=65UB0AEACAAJ,Apelo forte para gestão socioemocional.,"A Disciplina Positiva, desenvolvida por Jane Nelsen e baseada nos trabalhos dos psiquiatras Alfred Adler e Rudolf Dreikurs, é uma abordagem que promove respeito mútuo, gentileza e responsabilidade. É uma referência internacional para milhares de pais e professores! Os autores salientam que preparar um ambiente socioemocional é tão importante – e tão crucial para a normalização – como preparar um ambiente físico, e oferecem soluções práticas e conselhos valiosos para os professores criarem uma atmosfera de cooperação, contribuição e consciência social em sala de aula, para alunos de qualquer idade. Os professores aprenderão a: - Estabelecer e manter limites efetivos com as crianças. - Promover autorregulação e responsabilidade nas crianças. - Encorajar a comunicação aberta com os alunos. - Ajudar as crianças a alcançar o senso de pertencimento (aceitação) e importância.",google_books_meta,Content/base_de_dados/ebooks_gestao_sala/raw/copy_texts/google-books-disciplina-positiva-na-sala-de-aula-montessoriana-como-promover-respeito-gent.md
Google Books,literatura,Como enfrentar a indisciplina na escola,Silvia Parrat-Dayan,nao publico,BRL,professores e formacao docente,https://books.google.com/books/about/Como_enfrentar_a_indisciplina_na_escola.html?id=ZXsDKmmGAI8C,Livro curto e direto para lidar com indisciplina com leitura prática e discussão pedagógica.,nao publico,nao publico,nao publico,142,https://books.google.com/books/about/Como_enfrentar_a_indisciplina_na_escola.html?id=ZXsDKmmGAI8C,Bom benchmark de promessa direta.,,google_books_api,
Google Books,literatura,Das brigas aos jogos com regras: enfrentando a indisciplina na escola,Jean-Claude Olivier,nao publico,BRL,professores e educadores,https://books.google.com/books/about/Das_brigas_aos_jogos_com_regras_enfrenta.html?id=Shp-AAAACAAJ,"Obra sobre regras, conflitos, convivência e indisciplina, com foco em práticas e mediação.",nao publico,nao publico,nao publico,93,https://books.google.com/books/about/Das_brigas_aos_jogos_com_regras_enfrenta.html?id=Shp-AAAACAAJ,Título muito útil para naming por metáfora.,,google_books_meta,
Google Books,literatura,Gestão de Relacionamento e Comportamento em Sala de Aula,Bill Rogers,nao publico,BRL,professores,https://books.google.com/books/about/Gest%C3%A3o_de_Relacionamento_e_Comportament.html?id=DBioPgAACAAJ,"Amplia o tema para relacionamento, integridade profissional e conhecimento emocional em sala de aula.",nao publico,nao publico,nao publico,256,https://books.google.com/books/about/Gest%C3%A3o_de_Relacionamento_e_Comportament.html?id=DBioPgAACAAJ,Bom para diferenciar 'gestão' de 'disciplina'.,"Bill Rogers oferece aos professores um amplo repertório de habilidades em gestão de relacionamento. Fornece uma orientação clara para colocar a integridade profissional e o conhecimento emocional em prática. Ele não esconde as realidades que ocorrem dentro das escolas e das salas de aula e consegue encontrar um equilíbrio entre reconhecer as dificuldades e demandas sobre os professores, enquanto apóia os alunos a responder às suas necessidades, competências e ao seu direito de ter interações respeitosas. Ele faz isso com clareza, vitalidade e humor.",google_books_meta,Content/base_de_dados/ebooks_gestao_sala/raw/copy_texts/google-books-gest-o-de-relacionamento-e-comportamento-em-sala-de-aula.md
Google Books,literatura,Indisciplina: o contraponto das escolas democráticas,Julio Groppa Aquino,nao publico,BRL,professores e pesquisadores,https://books.google.com/books/about/Indisciplina.html?id=Iw-sAAAACAAJ,Livro que relaciona indisciplina e escolas democráticas em chave analítica e crítica.,nao publico,nao publico,nao publico,95,https://books.google.com/books/about/Indisciplina.html?id=Iw-sAAAACAAJ,Benchmark de abordagem teórica e crítica.,,google_books_meta,
Google Books,literatura,Indisciplina na escola: alternativas teóricas e práticas,Yves de La Taille; Marlene Guirado,nao publico,BRL,professores e pesquisadores,https://books.google.com/books/about/Indisciplina_na_escola.html?id=HmoRkcRLzqIC,Coletânea clássica que combina teorias e encaminhamentos práticos para o problema da indisciplina.,nao publico,nao publico,nao publico,152,https://books.google.com/books/about/Indisciplina_na_escola.html?id=HmoRkcRLzqIC,Relevante para mapear referências acadêmicas que vendem.,"Esta obra apresenta múltiplas abordagens teóricas e possíveis encaminhamentos práticos para o problema da indisciplina na escola. Um panorama contemporâneo dos novos referenciais teóricos, além do pedagógico. Psicólogos, psicanalistas, sociólogos e pedagogos enfrentam a indisciplina com visão atualizada, propondo soluções criativas para a compreensão e o manejo do problema.",google_books_meta,Content/base_de_dados/ebooks_gestao_sala/raw/copy_texts/google-books-indisciplina-na-escola-alternativas-te-ricas-e-pr-ticas.md
Google Books,literatura,O Professor Behaviorista Radical: Um guia prático introdutório para professores e profissionais de apoio da educação básica de como ensinar os aprendizes com diagnóstico de Transtorno do Espectro Autista (TEA),Leandro Reis Santos,nao publico,BRL,professores e profissionais de apoio,https://books.google.com/books/about/O_Professor_Behaviorista_Radical.html?id=DSQ-EQAAQBAJ,"Guia prático sobre comportamento, crise em sala e aplicação da análise do comportamento na educação básica.",nao publico,nao publico,nao publico,100,https://books.google.com/books/about/O_Professor_Behaviorista_Radical.html?id=DSQ-EQAAQBAJ,"Muito útil para o eixo TEA, comportamento e gestão de crise.","Este livro descreve estratégias para enfrentar os desafios de ser professor de ensino básico tanto no sistema público quanto no privado nos tempos atuais, em que é garantido por lei a matrícula e inclusão de alunos com algum tipo de transtorno do neurodesenvolvimento, em especial crianças com transtorno do espectro autista. Muitos professores ainda não têm formação e preparo adequado para proporcionar um ensino individualizado pelo fato dessas crianças, em sua grande maioria, apresentarem comportamentos inadequados que interferem no próprio aprendizado e no aprendizado dos demais alunos da sala. Além disso, os profissionais de apoio são inseridos no mercado de trabalho sem experiência com alunos especiais e acabam ficando sem saber como manejar comportamentos e gerir crises em sala de aula, o que torna indispensável que professores e profissionais de apoio aprendam sobre comportamento através da análise do comportamento e sua aplicação na educação de crianças autistas – e é o que sugere o título deste livro, que os professores sejam behavioristas radicais. Lembrando que o behaviorismo radical é a filosofia da ciência chamada análise do comportamento.",google_books_meta,Content/base_de_dados/ebooks_gestao_sala/raw/copy_texts/google-books-o-professor-behaviorista-radical-um-guia-pr-tico-introdut-rio-para-professore.md
Google Books,literatura,Professor bonzinho - Aluno difícil: A questão da indisciplina em sala de aula,Celso Antunes,nao publico,BRL,professores,https://books.google.com/books/about/Professor_bonzinho_Aluno_dif%C3%ADcil.html?id=q4owDwAAQBAJ,"Livro prático com princípios, estratégias, modelos e exemplos concretos para enfrentar a indisciplina.",nao publico,nao publico,nao publico,64,https://books.google.com/books/about/Professor_bonzinho_Aluno_dif%C3%ADcil.html?id=q4owDwAAQBAJ,Título extremamente forte para mercado.,"Uma coleção desenvolvida para o professor manter-se atualizado de maneira prática e simples, dando pistas de soluções, sugerindo práticas, expondo princípios, discutindo estratégias, propondo modelos e apresentando exemplos concretos. Professor bonzinho, camarada, permissivo, manobrável, é professor alienado. Perdeu sua identidade como pessoa e dignidade como integrante de uma classe profissional. O professor se aliena quando vê, inerte, extinguir sua vontade e sua paixão e a capacidade de decidir sobre o que produz.",google_books_meta,Content/base_de_dados/ebooks_gestao_sala/raw/copy_texts/google-books-professor-bonzinho-aluno-dif-cil-a-quest-o-da-indisciplina-em-sala-de-aula.md
Google Books,literatura,Classroom Management: Creating a Successful K-12 Learning Community,Paul R. Burden,nao publico,BRL,educadores K-12,https://books.google.com/books/about/Classroom_Management.html?id=TT8QEAAAQBAJ,"Edição atualizada sobre disciplina, regras, relações, prevenção de misbehavior e colaboração com famílias.",nao publico,nao publico,nao publico,288,https://books.google.com/books/about/Classroom_Management.html?id=TT8QEAAAQBAJ,Clássico internacional de classroom management.,"ENABLES K-12 EDUCATORS TO CREATE SUCCESSFUL LEARNING COMMUNITIES — THE FULLY UPDATED NEW EDITION Effective classroom management plans are essential for creating environments that foster appropriate social interactions and engaged learning for students in K-12 settings. New and early-career teachers often face difficulties addressing student discipline, upholding classroom rules and procedures, and establishing positive teacher-student relationships. The seventh edition of Classroom Management is the leading resource for helping educators prevent student misbehavior, respond to challenging situations, and involve their students in building positive classroom communities. This popular textbook covers every vital aspect of classroom management, from planning for the school year and conducting instruction, to managing diverse classrooms and collaborating with colleagues and families. Fully revised to reflect recent changes in K-12 education and address the needs of today's educators, this edition features new and updated methods for fostering positive student behavior, insights on the root causes of misbehavior, strategies for helping students set high expectations, and much more. Written by a respected expert in teaching methods, classroom management, and instructional leadership, this valuable teacher's reference: Covers contemporary topics, methods, and discipline models in classroom management Reflects current InTASC Model Core Teaching Standards and Praxis assessments Features descriptions of classroom management methods used by elementary, middle, and high school teachers in various regions and communities Provides new and unique stories and case studies of real-world classroom situations Offers end-of-chapter summaries and questions, supplemental activities, further reading suggestions, and complete references Includes new tables, charts, and figures that make information more accessible to different types of learners Classroom Management: Creating a Successful K-12 Learning Community, Seventh Edition is an ideal text for college professors, teachers in training, and K-12 educators, as well as school administrators and general readers involved in education.",google_books_meta,Content/base_de_dados/ebooks_gestao_sala/raw/copy_texts/google-books-classroom-management-creating-a-successful-k-12-learning-community.md
Google Books,literatura,Classroom Management: Strategies for Teaching,Orion Gutierrez,nao publico,BRL,professores e especialistas,https://books.google.com/books/about/Classroom_Management.html?id=cQVLtAEACAAJ,"Manual com conceitos fundamentais, lesson planning e estudo de métodos para gestão de sala de aula.",nao publico,nao publico,nao publico,228,https://books.google.com/books/about/Classroom_Management.html?id=cQVLtAEACAAJ,Bom benchmark de material técnico.,"Classroom management is the process by which teachers and educational administrators manage and practice teaching techniques. This book on classroom management discusses the fundamental concepts like lesson planning, learning methodologies and the various study skills that are attained by students. Contents also highlight the learning objectives that are to be set in an effective classroom environment. This book aims to equip students and experts with the advanced topics and upcoming concepts in this area. It aims to serve as a resource guide for students and experts alike and contribute to the growth of the discipline. A number of latest researches have been included to keep the readers up-to-date with the global concepts in this area of study.",google_books_meta,Content/base_de_dados/ebooks_gestao_sala/raw/copy_texts/google-books-classroom-management-strategies-for-teaching.md
Google Books,literatura,Classroom Management: Effective Strategies,Jimmy Becker,nao publico,BRL,professores e especialistas,https://books.google.com/books/about/Classroom_Management_Effective_Strategie.html?id=ciSzzgEACAAJ,"Apresenta estratégias efetivas, abordagens de disciplina e técnicas preventivas para gestão da turma.",nao publico,nao publico,nao publico,228,https://books.google.com/books/about/Classroom_Management_Effective_Strategie.html?id=ciSzzgEACAAJ,Forte em linguagem de eficácia.,"The process through which teachers ensure the smooth running of classroom lessons is known as classroom management. It includes the prevention of disruptive behavior which could potentially hamper the teaching process. Classroom management is an integral part of classroom education since it supports the efficient execution of curriculum development, helps in the development of best teaching practices, and putting them into action. Some of the approaches towards effective classroom management are assertive discipline, culturally responsive classroom management, constructivist discipline, and discipline without stress, punishments or rewards. There are various techniques, which are employed by teachers for the purpose of classroom management such as preventive techniques and rote discipline. This book unfolds the effective strategies of classroom management which will be crucial for the progress of this field in the future. It consists of contributions made by international experts. The book attempts to assist those with a goal of delving into this field.",google_books_meta,Content/base_de_dados/ebooks_gestao_sala/raw/copy_texts/google-books-classroom-management-effective-strategies.md
Google Books,literatura,Preventing Challenging Behavior in Your Classroom: Positive Behavior Support and Effective Classroom Management,Matt Tincani,nao publico,BRL,professores e apoio educacional,https://books.google.com/books/about/Preventing_Challenging_Behavior_in_Your.html?id=knKOAwAAQBAJ,Foco em prevenir comportamentos desafiadores com suporte comportamental positivo e gestão eficaz.,nao publico,nao publico,nao publico,164,https://books.google.com/books/about/Preventing_Challenging_Behavior_in_Your.html?id=knKOAwAAQBAJ,Muito bom para copy com prevenção.,"""Preventing Challenging Behavior in Your Classroom: Positive Behavior Support and Effective Classroom Management"" focuses on practical strategies to prevent and reduce behavior problems and enhance student learning, particularly Positive Behavior Support (PBS). This book discusses the myths and facts of effective classroom management, provides an overview of the conceptual and empirical basis of PBS, and describes PBS interventions from peer-reviewed research, highlighted in easy-to-understand language to facilitate teachers' knowledge of evidence-based techniques. Real-world examples are provided in conjunction with recommendations to enhance teachers' understanding and implementation of PBS.",google_books_meta,Content/base_de_dados/ebooks_gestao_sala/raw/copy_texts/google-books-preventing-challenging-behavior-in-your-classroom-positive-behavior-support-a.md
Google Books,literatura,Managing Classroom Behavior Using Positive Behavior Supports,Terrance M. Scott; Cynthia M. Anderson; Peter J. Alter,nao publico,BRL,professores e especialistas,https://books.google.com/books/about/Managing_Classroom_Behavior_Using_Positi.html?id=s1IrAAAACAAJ,Manual de como usar suporte comportamental positivo em contexto escolar com exemplos passo a passo.,nao publico,nao publico,nao publico,280,https://books.google.com/books/about/Managing_Classroom_Behavior_Using_Positi.html?id=s1IrAAAACAAJ,Aproxima disciplina de PBIS.,"For students taking courses in classroom or behavior management. An essential how-to guide to positive behavior support in schools. Written as a methods manual for positive behavior support (PBIS) in school settings, this first edition text focuses on practical strategies for the classroom with step-by-step application examples. After an opening chapter that reviews the key literature and concepts related to evidence-based practice in positive behavior support, the text quickly moves on to a well-organized collection of indispensible tutorials, methods, and applications for teachers written in clear, down-to-earth language and supplemented with real-life examples.",google_books_meta,Content/base_de_dados/ebooks_gestao_sala/raw/copy_texts/google-books-managing-classroom-behavior-using-positive-behavior-supports.md
Google Books,literatura,Discipline Without Stress® Punishments Or Rewards: How Teachers and Parents Promote Responsibility and Learning,Marvin Marshall,nao publico,BRL,pais e professores,https://books.google.com/books/about/Discipline_Without_Stress_Punishments_Or.html?id=K2gEU3fSkHUC,Modelo não coercitivo para promover responsabilidade e motivação para aprender sem punição ou recompensa.,nao publico,nao publico,nao publico,322,https://books.google.com/books/about/Discipline_Without_Stress_Punishments_Or.html?id=K2gEU3fSkHUC,Diferencial forte de autoridade sem punição.,"This second edition has the same content as the first edition but includes testimonials and additional submissions from teachers and parents. The Discipline without Stress® Teaching Model is used around the world. The non-coercive (yet non-permissive) approach to promoting responsible behaviour and motivation for learning is totally different from current approaches that use rewards for appropriate behaviour and coercive threats and punishments. The book can be used across the entire teaching spectrum -- in small childcare centres to large high schools and in rural, suburban and urban schools. It can be used in any home or youth setting.",google_books_meta,Content/base_de_dados/ebooks_gestao_sala/raw/copy_texts/google-books-discipline-without-stress-punishments-or-rewards-how-teachers-and-parents-pro.md
Google Books,literatura,Positive Behavior Supports in Classrooms and Schools (3rd Edition): Effective and Practical Strategies for Teachers and Other Service Providers,Keith Storey,nao publico,BRL,professores e provedores de serviços,https://books.google.com/books/about/Positive_Behavior_Supports_in_Classrooms.html?id=BEq9EAAAQBAJ,Estratégias práticas para apoio comportamental positivo em escolas e salas de aula.,nao publico,nao publico,nao publico,300,https://books.google.com/books/about/Positive_Behavior_Supports_in_Classrooms.html?id=BEq9EAAAQBAJ,Bom para comparação internacional.,"This unique book provides teachers and other service providers the knowledge and skills for Positive Behavior Supports in school settings, thereby improving the academic and social skills of their students. It is written in an informational format that teachers and other service providers can immediately put to use. The text is generic across K-12 grade levels and focuses on Positive Behavior Supports in school settings. Each chapter begins with Key Point Questions, followed by two Window to the World Case Studies, information on the Key Point Questions, Discussion Questions, and Suggestions for Classroom and School Activities. Additionally, an overview of Positive Behavior Supports is provided, which includes Measuring Behavior, Functional Assessment and Analysis, Reinforcement, Punishment, Classroom Structure, Preventative Procedures and Interventions, Cooperative Learning and Peer Tutoring, and Family and Agency Involvement. The Self-Management Strategies, Social Skills Instruction, and School-Wide Positive Behavior Supports are vital areas of knowledge. This “How To” book is written for teachers and other direct service providers in a non-technical manner with specific real-world examples.",google_books_meta,Content/base_de_dados/ebooks_gestao_sala/raw/copy_texts/google-books-positive-behavior-supports-in-classrooms-and-schools-3rd-edition-effective-an.md
Google Books,literatura,Assertive Discipline: Positive Behavior Management for Today's Classroom,Lee Canter; Marlene Canter,nao publico,BRL,professores,https://books.google.com/books/about/Assertive_Discipline.html?id=759lPwAACAAJ,Clássico de behavior management com abordagem proativa e foco em relação positiva com os alunos.,nao publico,nao publico,nao publico,234,https://books.google.com/books/about/Assertive_Discipline.html?id=759lPwAACAAJ,Título-base do tema 'disciplina assertiva'.,"For 25 years, this American classic has shown how effective classroom behavior management goes hand in hand with master teaching. In this third edition, greater emphasis is placed on a proactive approach to dealing with student behavior, as well as the value of building positive relationships with students.",google_books_meta,Content/base_de_dados/ebooks_gestao_sala/raw/copy_texts/google-books-assertive-discipline-positive-behavior-management-for-today-s-classroom.md
Google Books,literatura,Classwide Positive Behavioral Interventions and Supports: A Guide to Proactive Classroom Management,Brandi Simonsen; Diane Myers,nao publico,BRL,professores e especialistas,https://books.google.com/books/about/Classwide_Positive_Behavioral_Interventi.html?id=VQpEEQAAQBAJ,"Guia de PBIS com foco em estruturas, expectativas claras e respostas ao comportamento inadequado.",nao publico,nao publico,nao publico,242,https://books.google.com/books/about/Classwide_Positive_Behavioral_Interventi.html?id=VQpEEQAAQBAJ,Muito útil para agenda preventiva.,"Now in a revised and updated second edition addressing the evolving needs of today's K–12 educators, this established classroom resource is written by leaders in positive behavioral interventions and supports (PBIS). Brandi Simonsen and Diane Myers provide a vital classroom management and behavior support toolkit with a primary focus on universal (Tier 1) support. In a convenient large-size format, the book provides step-by-step guidelines for structuring the classroom environment, actively engaging students in instruction, setting clear expectations, and implementing a continuum of strategies to reinforce positive behavior and respond to inappropriate behavior. Teacher-friendly features include classroom vignettes, bulleted chapter objectives, end-of-chapter learning activities, and reproducible forms that can be downloaded for repeated use. New to This Edition Expanded focus on culturally responsive and inclusive practice. Increased attention to connecting with students and families and engaging them in designing, implementing, and monitoring practices. More coverage of integrating Tier 2 and Tier 3 interventions into a classwide PBIS model. Updated research, resources, tools, and examples throughout the chapters. This book is in The Guilford Practical Intervention in the Schools Series, edited by Sandra M. Chafouleas.",google_books_meta,Content/base_de_dados/ebooks_gestao_sala/raw/copy_texts/google-books-classwide-positive-behavioral-interventions-and-supports-a-guide-to-proactive.md
Google Books,literatura,Handbook of Classroom Management,Edward J. Sabornie; Dorothy L. Espelage,nao publico,BRL,academia e formação docente,https://books.google.com/books/about/Handbook_of_Classroom_Management.html?id=BxTwzgEACAAJ,"Tratamento abrangente da ciência e da prática de classroom management, com foco em pesquisa e aplicações.",nao publico,nao publico,nao publico,574,https://books.google.com/books/about/Handbook_of_Classroom_Management.html?id=BxTwzgEACAAJ,Referência acadêmica central.,"The Handbook of Classroom Management, Third Edition, is an authoritative treatment of the latest science and development in the study of classroom management in schools. Evidence-based classroom management practices and programs are essential to enhancing students' academic, behavioral, social-emotional, and motivational outcomes across grade levels. This comprehensive volume collects scholarship and cutting-edge research for graduate students and faculty of psychology, teacher education, curriculum and instruction, special education, and beyond. The book has been thoroughly revised and expanded with updated coverage of foundational topics such as effective instruction, preventative strategies, positive behavior intervention and supports, family-school relationships, legal issues, and other related topics, while also giving new attention to social justice, students on the autism spectrum, and adaptations across urban, rural, and virtual contexts.",google_books_meta,Content/base_de_dados/ebooks_gestao_sala/raw/copy_texts/google-books-handbook-of-classroom-management.md
Google Books,literatura,"Handbook of Classroom Management: Research, Practice, and Contemporary Issues",Carolyn M. Evertson; Carol Simon Weinstein,nao publico,BRL,acadêmicos e formadores de professores,https://books.google.com/books/about/Handbook_of_Classroom_Management.html?id=WQGuQxJ5o4EC,"Obra monumental sobre pesquisa, prática e questões contemporâneas de gestão de sala de aula.",nao publico,nao publico,nao publico,1346,https://books.google.com/books/about/Handbook_of_Classroom_Management.html?id=WQGuQxJ5o4EC,"Excelente para tese, não para venda direta.","Classroom management is a topic of enduring concern for teachers, administrators, and the public. It consistently ranks as the first or second most serious educational problem in the eyes of the general public, and beginning teachers consistently rank it as their most pressing concern during their early teaching years. Management problems continue to be a major cause of teacher burnout and job dissatisfaction. Strangely, despite this enduring concern on the part of educators and the public, few researchers have chosen to focus on classroom management or to identify themselves with this critical field. The Handbook of Classroom Management has four primary goals: 1) to clarify the term classroom management; 2) to demonstrate to scholars and practitioners that there is a distinct body of knowledge that directly addresses teachers’ managerial tasks; 3) to bring together disparate lines of research and encourage conversations across different areas of inquiry; and 4) to promote a vigorous agenda for future research in this area. To this end, 47 chapters have been organized into 10 sections, each chapter written by a recognized expert in that area. Cutting across the sections and chapters are the following themes:*First, positive teacher-student relationships are seen as the very core of effective classroom management.*Second, classroom management is viewed as a social and moral curriculum.*Third, external reward and punishment strategies are not seen as optimal for promoting academic and social-emotional growth and self-regulated behavior.*Fourth, to create orderly, productive environments teachers must take into account student characteristics such as age, developmental level, race, ethnicity, cultural background, socioeconomic status, and ableness. Like other research handbooks, the Handbook of Classroom Management provides an indispensable reference volume for scholars, teacher educators, in-service practitioners, and the academic libraries serving these audiences. It is also appropriate for graduate courses wholly or partly devoted to the study of classroom management.",google_books_meta,Content/base_de_dados/ebooks_gestao_sala/raw/copy_texts/google-books-handbook-of-classroom-management-research-practice-and-contemporary-issues.md
Google Books,literatura,"School Climate: Measuring, Improving, and Sustaining Healthy Learning Environments",H. Jerome Freiberg,nao publico,BRL,educadores e líderes escolares,https://books.google.com/books/about/School_Climate.html?id=bkQVAAAAIAAJ,Framework para olhar clima da escola e da sala de aula com medidas formais e informais.,nao publico,nao publico,nao publico,230,https://books.google.com/books/about/School_Climate.html?id=bkQVAAAAIAAJ,Base para linguagem de clima e ambiente.,"Like a strong foundation in a house, the climate of a school is the foundation that supports the structures of teaching and learning. This book provides a framework for educators to look at school and classroom climates using both informal and formal measures. Each chapter focuses on a different aspect of climate and details techniques which may be used by heads or classroom teachers to judge the health of their learning environment. The book sets out to enhance understanding of the components of a healthy learning environment and the tools needed to improve that environment. It also looks at ways to assess the impact of change activities in improving and sustaining educational excellence. The international team of contributors bring perspectives from the school systems in America, UK, Australia and Holland.",google_books_meta,Content/base_de_dados/ebooks_gestao_sala/raw/copy_texts/google-books-school-climate-measuring-improving-and-sustaining-healthy-learning-environmen.md
Google Books,literatura,"School Climate: Measuring, Improving and Sustaining Healthy Learning Environments",H. Jerome Freiberg,nao publico,BRL,educadores e líderes escolares,https://books.google.com/books/about/School_Climate.html?id=WT2QAgAAQBAJ,"Edição atualizada do mesmo eixo com foco em medir, melhorar e sustentar ambientes de aprendizagem saudáveis.",nao publico,nao publico,nao publico,240,https://books.google.com/books/about/School_Climate.html?id=WT2QAgAAQBAJ,Boa para comparar edição e releituras.,"Like a strong foundation in a house, the climate of a school is the foundation that supports the structures of teaching and learning. This book provides a framework for educators to look at school and classroom climates using both informal and formal measures. Each chapter focuses on a different aspect of climate and details techniques which may be used by heads or classroom teachers to judge the health of their learning environment. The book sets out to enhance understanding of the components of a healthy learning environment and the tools needed to improve that environment. It also looks at ways to assess the impact of change activities in improving and sustaining educational excellence. The international team of contributors bring perspectives from the school systems in America, UK, Australia and Holland.",google_books_meta,Content/base_de_dados/ebooks_gestao_sala/raw/copy_texts/google-books-school-climate-measuring-improving-and-sustaining-healthy-learning-environmen.md
Google Books,literatura,School Climate: Leading With Collective Efficacy,Peter M. DeWitt,nao publico,BRL,gestores e coordenadores,https://books.google.com/books/about/School_Climate.html?id=gGZCDgAAQBAJ,Estratégias práticas de alto impacto para melhorar clima escolar e ampliar participação da comunidade.,nao publico,nao publico,nao publico,232,https://books.google.com/books/about/School_Climate.html?id=gGZCDgAAQBAJ,Ênfase em liderança e engajamento coletivo.,"Build a positive school climate to impact students, teachers, and the community! Is improving school climate on your to-do list? Do you think about it as a top-down directive or as a dialogue to build equity within the school? A healthy school environment should never be seen as an option, but instead supported as a must-have. Peter DeWitt offers leaders practical high impact strategies to improve school climate, deepen involvement in student learning, and engage a broader family network. In addition to international vignettes focused on community stakeholders and research-based practices, this book features tools such as · a leadership growth cycle to help leaders build their self-efficacy · a teacher observation cycle centered on building collective efficacy · an early warning system to identify potential at-risk students · action steps following each chapter to apply to your own setting · discussion questions for use in team environments Establishing a supportive and inclusive school climate where professionals can take risks to improve the lives of students is vital to maximize learning in any school community.",google_books_meta,Content/base_de_dados/ebooks_gestao_sala/raw/copy_texts/google-books-school-climate-leading-with-collective-efficacy.md
Google Books,literatura,The School Climate Solution: Creating a Culture of Excellence from the Classroom to the Staff Room,Jonathan C. Erwin,nao publico,BRL,professores e gestores,https://books.google.com/books/about/The_School_Climate_Solution.html?id=SQRsjwEACAAJ,"Livro com atividades, agendas de reuniões e estratégias compassivas para criar ambiente positivo e produtivo.",nao publico,nao publico,nao publico,191,https://books.google.com/books/about/The_School_Climate_Solution.html?id=SQRsjwEACAAJ,Bom para promessa de cultura escolar.,"Research shows that a socially-emotionally supportive setting is the solution to increasing student achievement. The School Climate Solution helps kids and adults master critical social-emotional skills, encourages student leadership, provides effective and compassionate behavior management strategies, and raises academic performance. With dozens of fun and easy-to-do activities and community meeting agendas, this book provides everything you need to create a positive learning environment in any classroom, school, or school community. Based on William Glasser's Choice Theory and steeped in social-emotional learning, the book shows educators how to engage the whole school community in identifying and celebrating its positive values. For use by principals, teachers, counselors, coaches, or any other school leaders looking to improve classroom climate, the strategies in this book have been tested in schools, and they work. Digital content includes customizable forms from the book.",google_books_meta,Content/base_de_dados/ebooks_gestao_sala/raw/copy_texts/google-books-the-school-climate-solution-creating-a-culture-of-excellence-from-the-classro.md
Google Books,literatura,Positive Discipline,Jane Nelsen,nao publico,BRL,pais e professores,https://books.google.com/books/about/Positive_Discipline.html?id=mcKUhN1lmxwC,"Clássico sobre disciplina baseada em respeito mútuo, firmeza e gentileza.",nao publico,nao publico,nao publico,242,https://books.google.com/books/about/Positive_Discipline.html?id=mcKUhN1lmxwC,Âncora central da Disciplina Positiva.,"For twenty-five years, Positive Discipline has been the gold standard reference for grown-ups working with children. Now Jane Nelsen, distinguished psychologist, educator, and mother of seven, has written a revised and expanded edition. The key to positive discipline is not punishment, she tells us, but mutual respect. Nelsen coaches parents and teachers to be both firm and kind, so that any child-from a three-year-old toddler to a rebellious teenager-can learn creative cooperation and self-discipline with no loss of dignity. Inside you'll discover how to - bridge communication gaps- defuse power struggles- avoid the dangers of praise- enforce your message of love- build on strengths, not weaknesses- hold children accountable with their self-respect intact- teach children not what to think but how to think- win cooperation at home and at school- meet the special challenge of teen misbehavior ""It is not easy to improve a classic book, but Jane Nelson has done so in this revised edition. Packed with updated examples that are clear and specific, Positive Discipline shows parents exactly how to focus on solutions while being kind and firm. If you want to enrich your relationship with your children, this is the book for you.""-Sal Severe, author of How to Behave So Your Children Will, Too! Millions of children have already benefited from the counsel in this wise and warmhearted book, which features dozens of true stories of positive discipline in action. Give your child the tools he or she needs for a well-adjusted life with this proven treasure trove of practical advice.",google_books_meta,Content/base_de_dados/ebooks_gestao_sala/raw/copy_texts/google-books-positive-discipline.md
Google Books,literatura,Positive Discipline,Jane Nelsen,nao publico,BRL,pais e professores,https://books.google.com/books/about/Positive_Discipline.html?id=ix26Y2BL9GMC,"Edição revisada e expandida sobre limites, cooperação e habilidades de auto-disciplina.",nao publico,nao publico,nao publico,258,https://books.google.com/books/about/Positive_Discipline.html?id=ix26Y2BL9GMC,Variante de edição para comparação.,"THE KEY TO DISCIPLINE IS NOT PUNISHMENT, BUT MUTUAL RESPECTAll parents try to do their best--but the best of intentions don't always produce the best results. Dr. Jane Nelsen, an experienced psychologist, educator, and mother, believes that children misbehave when they feel thwarted in their need to belong and in their need for love and attention. An authoritative approach, using phrases like "" Because I said so!"" , will only lead to rebellious behavior. Instead, parents need basic principles that bring them and their children closer. They need Positive Discipline.Dr. Nelsen explains that parents who use kindness and firmness to teach life skills will encourage self-respect, self-discipline, cooperation, good behavior, and problem-solving skills in their children. In Positive Discipline, revised and updated for the '90s, she shows all of us, parents and teachers alike, exactly how her practical program works--answering, step-by-step, such important questions as: *What works better than punishment to teach children positive, good behavior?*What mistakes do most parents make "" in the name of love"" ?*How can parents turn their mistakes into assets?*How can praise be dangerous?*What are the dangers of trying to be "" Super Mom"" ?*How can teachers avoid discipline problems in the classroom?"" It is positive! It works! It saves your sanity! And it is easy to share with others."" --Julie Pope, Parent Sacramento, CA"" As a parent and psychotherapist, I have found enormous value and practical wisdom in Positive Discipline. It conveys a win/win atmosphere for parents and children. The techniques are so easy tolearn and fun to use...Anyone following these concepts will see almost instant results and big smiles on the faces of their children."" --Katherine Dusay, Psychotherapist San Francisco, CA",google_books_meta,Content/base_de_dados/ebooks_gestao_sala/raw/copy_texts/google-books-positive-discipline.md
Google Books,literatura,Positive Discipline: A Teacher's A-Z Guide,Jane Nelsen,nao publico,BRL,professores,https://books.google.com/books/about/Positive_Discipline.html?id=zFIAAAAACAAJ,Guia em ordem alfabética com problemas comuns de sala e soluções práticas para professores.,nao publico,nao publico,nao publico,361,https://books.google.com/books/about/Positive_Discipline.html?id=zFIAAAAACAAJ,Muito útil para estrutura de catálogo.,"Teachers and parents all over the globe are struggling with children's behavioral problems. This comprehensive guide provides tried-and-true methods for turning these problems into opportunities for learning. Perfect for all grade levels, the book addresses everyday issues such as gum chewing, name calling, and disruptions, to more serious offenses such as graffiti, gangs, and violence. Presented in an easy-to-use alphabetical format, the book quickly enables the reader to find a specific problem. Following a discussion of the problem are practical suggestions, solutions, and ideas to prevent future occurrences. An inspirational story is included for each problem that is discussed.This latest addition to Prima's bestselling ""Positive Discipline"" series includes: The fifteen fundamental tools of positive disciplineMethods for approaching, discussing, and solving common classroom problemsSuggestions for establishing and maintaining a respectful, nurturing learning environmentExercises for empowering students with problem-solving skills they can use in all aspects of their livesAbout the Authors""/Jane Nelsen, Ed. D."" is coauthor of the bestseller, ""Raising Self-Reliant Children in a Self-Indulgent World,""""Rosalyn Duffy"" is a preschool teacher and developmental specialist who lives in Seattle, Washington.""Linda Escobar"" is a school counselor for the elementary grades. She lives in Santa Rosa, California. ""kate Ortolano"" is a workshop coordinator and teacher with the Family Education Center in Santa Rosa, California.""Debbie Owen-Sohocki,"" a teacher since 1972, is the parent-infant educator at the Regional School for theDeaf in Corpus Christi, Texas.",google_books_meta,Content/base_de_dados/ebooks_gestao_sala/raw/copy_texts/google-books-positive-discipline-a-teacher-s-a-z-guide.md
Google Books,literatura,Building Classroom Discipline,C. M. Charles; Gail W. Senter,nao publico,BRL,professores,https://books.google.com/books/about/Building_Classroom_Discipline.html?id=Mua7s4zkS7wC,Ajuda professores a criar sistemas pessoais de disciplina para ambientes produtivos e agradáveis.,nao publico,nao publico,nao publico,321,https://books.google.com/books/about/Building_Classroom_Discipline.html?id=Mua7s4zkS7wC,Bom para promessa de sistema próprio.,"This bestselling book focuses on helping teachers develop their own personal systems of discipline that will lead to productive and pleasant class room environments. Building Classroom Discipline presents and analyizes models of discipline, including two new models, developed by some of the most influential educational thinkers in the past 50 years. The book shifts the usual ""behavior modification"" theme to students learning control and teachers creating a sense of community in the classroom. The new trend of students taking more responsibility for their behavior is addressed, and the book offers a wealth of practical techniques for tailoring systems of discipline to suit teacher preferences, the realities of the school, and special needs of students.",google_books_meta,Content/base_de_dados/ebooks_gestao_sala/raw/copy_texts/google-books-building-classroom-discipline.md
Google Books,literatura,Building Classroom Discipline,C. M. Charles; Gail W. Senter,nao publico,BRL,professores,https://books.google.com/books/about/Building_Classroom_Discipline.html?id=ghxKSQAACAAJ,Edição posterior que reorganiza estratégias centrais de disciplina por temas.,nao publico,nao publico,nao publico,307,https://books.google.com/books/about/Building_Classroom_Discipline.html?id=ghxKSQAACAAJ,Permite comparar reposicionamento editorial.,"""Building Classroom Discipline"" helps teachers develop personal systems of discipline tailored to their individual philosophies and personalities, as well as to the needs of their schools and communities. The text presents the latest developments in classroom discipline, as well as historical and transitional models of discipline, developed by some of the most astute educational thinkers of the past half century. Comprehensive enough to serve as a primary text, yet compact enough for use with other texts, this book can be used for courses in discipline and classroom management, learning and instruction, methods and teaching, and educational psychology. New to This Edition * A new structure presents today's major discipline strategies and tactics within ""themes"" rather than solely within separate theorists' models of discipline. * A new chapter on understanding and working productively with students whose behavior is affected by neurological issues (Chapter 3) addresses an emerging need in classrooms. * New chapters featuring Harry Wong's views of classroom management (Chapter 8) and Ronald Morrish's views on teacher guidance in discipline (Chapter 13) keep this text current with the latest thinking. * A new chapter focuses on the nature and uses of self-restitution and moral intelligence (Chapter 11). * New material helps readers understand the roles that professionalism, INTASC standards, and the Praxis Series play in classroom discipline. * Expanded background information more clearly depicts the major historical efforts in discipline and how those efforts have led to today's most popular discipline approaches. * A video of selected authorities commenting on their work and models is available free to adopters of the text. Contact your sales representative for more information. ""The book [""Building Classroom Discipline""] is undoubtedly the best available on the topic."" -Edward Vockell, Purdue University, Hammond """"Building Classroom Discipline"" is a wonderful text to provide the backdrop for individual philosophies related to behavior management and guidance that needs to be challenged and developed."" -Margaret Torrie, Iowa State University",google_books_meta,Content/base_de_dados/ebooks_gestao_sala/raw/copy_texts/google-books-building-classroom-discipline.md
Google Books,literatura,Positive Behavioral Supports for the Classroom,Brenda Scheuermann; Judy A. Hall,nao publico,BRL,professores,https://books.google.com/books/about/Positive_Behavioral_Supports_for_the_Cla.html?id=DMRKAAAAYAAJ,"Texto sobre escolas e salas seguras, ordenadas e positivas com estratégias de comportamento baseadas em pesquisa.",nao publico,nao publico,nao publico,513,https://books.google.com/books/about/Positive_Behavioral_Supports_for_the_Cla.html?id=DMRKAAAAYAAJ,Muito forte para comportamento e intervenção.,"For courses in Behavior Management, Behavior Analysis, and Positive Behavioral Supports. Despite all that is known about keeping schools and classrooms safe, orderly, positive, and productive, teachers continue to cite discipline as a major concern. Positive Behavioral Supports for the Classroom helps prepare teachers to sufficiently manage even the most minor behavioral challenges facing teachers in today's educational system. Drawing upon research in the field of positive behavior supports, this text presents an array of research-based strategies and techniques for strengthening appropriate behaviors and reducing challenging ones in students. The authors help to bridge the gap between theory and practice by presenting both the theoretical foundations of behavior and behavioral interventions, as well as the actual ""how to"" apply the strategies for effective behavior management. To help educators and other professionals be better prepared to assess challenging classroom and individual student behavior problems, this text not only describes what to do for behavior management, but why. Readers will also gain understanding of how both undesirable behavior and desirable behavior are directly related to the contexts in which they occur; the multitude of varied functions that undesirable behaviors serve for students; and how to best use this information to design effective preventative and management interventions for use in the classroom. The authors' passion for using effective behavioral intervention strategies and teaching others to do so drives this text's ambition in helping to make behavior management easier and more effective for future and current teachers.",google_books_meta,Content/base_de_dados/ebooks_gestao_sala/raw/copy_texts/google-books-positive-behavioral-supports-for-the-classroom.md
Google Books,literatura,Positive Behavioral Supports for the Classroom,Brenda K. Scheuermann; Judy A. Hall,nao publico,BRL,professores,https://books.google.com/books/about/Positive_Behavioral_Supports_for_the_Cla.html?id=Uu0hrgEACAAJ,"Edição atualizada com foco em prevenção, intervenção e sistema multi-tiered de apoio.",nao publico,nao publico,nao publico,480,https://books.google.com/books/about/Positive_Behavioral_Supports_for_the_Cla.html?id=Uu0hrgEACAAJ,Bom para versionamento de série.,"NOTE: Used books, rentals, and purchases made outside of Pearson If purchasing or renting from companies other than Pearson, the access codes for the Enhanced Pearson eText may not be included, may be incorrect, or may be previously redeemed. Check with the seller before completing your purchase. This package includes the Enhanced Pearson eText and the loose-leaf version. In the new edition of Positive Behavioral Supports for the Classroom, pre- and in-service regular and special education classroom teachers get the latest in research and practice from the field of positive behavior interventions and support, with foundational principles and practices from applied behavior analysis. The book's emphasis is on a multi-tiered system of support for developing positive behaviors in children and youth, preventing challenging behaviors, and managing challenging behaviors efficiently and effectively school-wide, in classrooms, and for individual students. A wide variety of concepts and techniques are covered, ranging from the most basic through advanced. The Enhanced Pearson eText features embedded video, activities, and implementation guides. Improve mastery and retention with the Enhanced Pearson eText* The Enhanced Pearson eText provides a rich, interactive learning environment designed to improve student mastery of content. The Enhanced Pearson eText is: Engaging. The new interactive, multimedia learning features were developed by the authors and other subject-matter experts to deepen and enrich the learning experience. Convenient. Enjoy instant online access from your computer or download the Pearson eText App to read on or offline on your iPad and Android tablet.* Affordable. Experience the advantages of the Enhanced Pearson eText along with all the benefits of print for 40% to 50% less than a print bound book. * The Enhanced eText features are only available in the Pearson eText format. They are not available in third-party eTexts or downloads. *The Pearson eText App is available on Google Play and in the App Store. It requires Android OS 3.1-4, a 7"" or 10"" tablet, or iPad iOS 5.0 or later. 0133803252 / 9780133803259 Positive Behavioral Supports for the Classroom, Enhanced Pearson eText with Loose-Leaf Version -- Access Card Package, 3/e Package consists of: 013380481X / 9780133804812 Positive Behavioral Supports for the Classroom, Loose-Leaf Version 0133958906 / 9780133958904 Positive Behavioral Supports for the Classroom, Enhanced Pearson eText -- Access Card",google_books_meta,Content/base_de_dados/ebooks_gestao_sala/raw/copy_texts/google-books-positive-behavioral-supports-for-the-classroom.md
Google Books,literatura,School Discipline: A Whole-school Practical Approach,Chris Watkins; Patsy Wagner,nao publico,BRL,gestores e professores,https://books.google.com/books/about/School_discipline.html?hl=en&id=ZagEAQAAIAAJ,"Abordagem whole-school para entender comportamento, regras, relações e sistemas de disciplina.",nao publico,nao publico,nao publico,179,https://books.google.com/books/about/School_discipline.html?hl=en&id=ZagEAQAAIAAJ,Boa referência para escala escola toda.,,google_books_meta,
Google Books,literatura,School Discipline: Best Practices for Administrators,Louis Rosen,nao publico,BRL,gestores escolares,https://books.google.com/books/about/School_Discipline.html?id=3LzozL8HcTAC,"Edição atualizada com práticas disciplinares, segurança, liderança e gerenciamento escolar.",nao publico,nao publico,nao publico,109,https://books.google.com/books/about/School_Discipline.html?id=3LzozL8HcTAC,Fortíssimo para o recorte gestão.,"""For the seasoned professional, the book provides a way of developing the administration team. For potential administrators, the book introduces a range of topics for consideration before entering the field.""John Davis, PrincipalJuan Cabrillo Elementary School, Malibu, CAHow do your policies measure up to codes for disciplinary practice? Build a school community where educators and students can concentrate on the business of learning. Rosen offers the best ideas and most workable discipline practices from more than 1,000 school leaders. School Discipline, Best Practices for Administrators, Second Edition, is loaded with updates and gives administrators all the tools they need to create a safe environment, from dealing effectively with the 5% of students who take up 90% of their time, to creating a positive public image in the community. It also helps educators keep up with the latest research and effective methods while helping teachers gain good classroom management skills. Updates include: Strategies aligned to ""Safe and Drug Free Schools"" legislation Timely issues such as fairness of zero tolerance policies Implications of new suspension and expulsion legalities Coverage of recent court decisions and rulings A new chapter offering strategies aligned to IDEA for students with special needs A new chapter offering prevention strategies For both seasoned administrators and those new to the job, this book will help you ensure a safe and just campus while allowing diversity and individuality to flourish. This hands-on guide contains contracts, reproducible forms, and worksheets that you can use as is or customize for your own school.",google_books_meta,Content/base_de_dados/ebooks_gestao_sala/raw/copy_texts/google-books-school-discipline-best-practices-for-administrators.md
Google Books,literatura,School Discipline: Best Practices for Administrators,Louis Rosen,nao publico,BRL,gestores escolares,https://books.google.com/books/about/School_Discipline.html?id=1FBOAwAAQBAJ,"Segunda edição com foco em códigos de disciplina, ambiente seguro e habilidades de classroom management.",nao publico,nao publico,nao publico,128,https://books.google.com/books/about/School_Discipline.html?id=1FBOAwAAQBAJ,Permite comparar evolução de edição.,"""For the seasoned professional, the book provides a way of developing the administration team. For potential administrators, the book introduces a range of topics for consideration before entering the field.""John Davis, PrincipalJuan Cabrillo Elementary School, Malibu, CAHow do your policies measure up to codes for disciplinary practice? Build a school community where educators and students can concentrate on the business of learning. Rosen offers the best ideas and most workable discipline practices from more than 1,000 school leaders. School Discipline, Best Practices for Administrators, Second Edition, is loaded with updates and gives administrators all the tools they need to create a safe environment, from dealing effectively with the 5% of students who take up 90% of their time, to creating a positive public image in the community. It also helps educators keep up with the latest research and effective methods while helping teachers gain good classroom management skills. Updates include: Strategies aligned to ""Safe and Drug Free Schools"" legislation Timely issues such as fairness of zero tolerance policies Implications of new suspension and expulsion legalities Coverage of recent court decisions and rulings A new chapter offering strategies aligned to IDEA for students with special needs A new chapter offering prevention strategies For both seasoned administrators and those new to the job, this book will help you ensure a safe and just campus while allowing diversity and individuality to flourish. This hands-on guide contains contracts, reproducible forms, and worksheets that you can use as is or customize for your own school.",google_books_meta,Content/base_de_dados/ebooks_gestao_sala/raw/copy_texts/google-books-school-discipline-best-practices-for-administrators.md
Google Books,literatura,School Discipline,William Chandler Bagley,nao publico,BRL,acadêmicos e gestores,https://books.google.com/books/about/School_Discipline.html?id=W5S5e0IcU7gC,"Clássico histórico sobre disciplina escolar, justiça, punição e obediência.",nao publico,nao publico,nao publico,259,https://books.google.com/books/about/School_Discipline.html?id=W5S5e0IcU7gC,Útil como raiz histórica do tema.,,google_books_meta,
Google Books,literatura,School Discipline,William Chandler Bagley,nao publico,BRL,acadêmicos e gestores,https://books.google.com/books/about/School_Discipline.html?id=ulcWAAAAIAAJ,Edição de 1914 do clássico sobre disciplina escolar e autoridade.,nao publico,nao publico,nao publico,259,https://books.google.com/books/about/School_Discipline.html?id=ulcWAAAAIAAJ,Outra versão bibliográfica do mesmo clássico.,,google_books_meta,
Google Books,literatura,Behavior Academies: Targeted Interventions That Work!,Jessica Djabrayan Hannigan; John Hannigan,nao publico,BRL,professores K-12,https://books.google.com/books/about/Behavior_Academies.html?id=Wxpi0AEACAAJ,Intervenções comportamentais rápidas e práticas para lidar com problemas de comportamento e desenvolver habilidades.,nao publico,nao publico,nao publico,208,https://books.google.com/books/about/Behavior_Academies.html?id=Wxpi0AEACAAJ,Título recente e muito prático.,"With student behavioral problems and teacher turnover at all-time highs, educators need behavioral interventions that work. With its practical behavior intervention method, this book replaces problematic behaviors with essential life skills for school and beyond. Educators can implement effective targeted interventions in twenty-five minutes or less using eight predefined behavior academies and a process to create their own. This book will help K-12 educators: Address their own beliefs about students' challenging behavior Learn the eight behavior academies and their corresponding life skills Identify the core components of an academy's initial, ongoing, and exit sessions Build their own behavior academy with a clearly outlined process Use behavior rehearsal cards for an academy's ongoing sessions Contents: Introduction Chapter 1: Behavior Mindset Chapter 2: Behavior Academy Chapter 3: Behavior Academy Structure Chapter 4: Behavior Academy Rehearsal Cards Chapter 5: Build Your Own Behavior Academy Chapter 6: Frequently Asked Questions and Additional Tools",google_books_meta,Content/base_de_dados/ebooks_gestao_sala/raw/copy_texts/google-books-behavior-academies-targeted-interventions-that-work.md
Google Books,literatura,Stop Program: Behavior Intervention to Improve Classroom Behavior,James Louis Roden Jr.; Dolores Jane Roden,nao publico,BRL,professores,https://books.google.com/books/about/Stop_Program.html?id=5ooa0AEACAAJ,Guia de intervenção comportamental para melhorar o comportamento em sala com estratégias acionáveis.,nao publico,nao publico,nao publico,134,https://books.google.com/books/about/Stop_Program.html?id=5ooa0AEACAAJ,Promessa com forte apelo de solução.,"Master the Art of Classroom ManagementDo disruptions constantly plague your classroom? Are you in search of strategies that go beyond the age-old methods which seem to be losing their efficacy? Look no further! ""STOP: Behavior Intervention for Classroom Behavior"" is your comprehensive guide to cultivating an environment conducive to learning.Key Takeaways: Understand the roots of disruptive behaviors, unraveling why students act out and how best to respond.Implement actionable and proven strategies to prevent disturbances before they even start.Engage with real-life scenarios and practical solutions that empower both educators and students.Create a classroom atmosphere where respect and understanding reign, and where every student feels valued.Learn to redirect unwanted behaviors into positive actions, setting your students up for a future of success.This isn't just another book about classroom management. It's a deep dive into the psyche of students, paired with actionable strategies that have immediate and transformative effects. With expert advice, relatable anecdotes, and tools tailored for today's diverse classrooms, it's a must-have for educators at all stages of their career.Say goodbye to classroom disruptions and hello to focused, positive learning. Empower your teaching journey. STOP disruptions and START empowering your students.",google_books_meta,Content/base_de_dados/ebooks_gestao_sala/raw/copy_texts/google-books-stop-program-behavior-intervention-to-improve-classroom-behavior.md
Google Books,literatura,Behavior and Classroom Management in the Multicultural Classroom,Terry L. Shepherd; Diana Linn,nao publico,BRL,professores e especialistas,https://books.google.com/books/about/Behavior_and_Classroom_Management_in_the.html?id=_dQ5DQAAQBAJ,"Integra gestão de comportamento, análise funcional e PBIS em contextos diversos.",nao publico,nao publico,nao publico,357,https://books.google.com/books/about/Behavior_and_Classroom_Management_in_the.html?id=_dQ5DQAAQBAJ,Bom para diversidade e resposta à intervenção.,"Addressing the increasing number of culturally and linguistically diverse students in today’s schools, Behavior and Classroom Management in the Multicultural Classroom, by Terry L. Shepherd and Diana Linn, provides general and special education teachers with the knowledge, skills, and strategies to make the proactive, active, and reactive interventions necessary to create a positive classroom environment in which all students can learn. Going beyond the traditional rules and hierarchy of consequences and reinforcements, the book demonstrates how to incorporate basic classroom management plans, functional behavioral analysis, functional behavioral assessments, and behavioral intervention plans into the development and implementation of response-to-intervention and school-wide positive behavior support programs. In every chapter, the authors use real world examples and case studies to explore how language and culture affect students’ responses to behavior and classroom management. Unique chapters cover social skills training and collaborating with families of diverse students.",google_books_meta,Content/base_de_dados/ebooks_gestao_sala/raw/copy_texts/google-books-behavior-and-classroom-management-in-the-multicultural-classroom.md
Google Books,literatura,"The Big Book of Behavior Management, K-5: Positive, Proactive, Prosocial Interventions and Prevention Strategies",David Campos; Kathleen McConnell Fad,nao publico,BRL,professores K-5,https://books.google.com/books/about/The_Big_Book_of_Behavior_Management_K_5.html?id=HgpSEQAAQBAJ,"Grande compilação de intervenções positivas, preventivas e prosociais para gestão do comportamento.",nao publico,nao publico,nao publico,232,https://books.google.com/books/about/The_Big_Book_of_Behavior_Management_K_5.html?id=HgpSEQAAQBAJ,Muito útil para promessa de volume e praticidade.,"Transform your behavior management with practical interventions that work Classroom management is one the most pressing problems that teachers face—and studies show that the challenges are only increasing. If student behavior is not managed successfully, the learning environment may become so chaotic, unstructured, and ineffective that teachers cannot teach and students cannot learn. The Big Book of Behavior Management helps teachers prevent as many misbehaviors as possible and provides them with research-based strategies to help them respond effectively when misbehavior does happen. Inside, you′ll find Information on the causes of misbehavior and how to create a classroom environment where students thrive A 7-step model for teaching positive, prosocial behaviors and preventing misbehavior 50 ready-to-use behavior interventions and practices for the ten most common challenges teachers face, including students’ chronic tardiness, talking out of turn, and isolating themselves The latest research on classroom behavior and how it affects academics Written for all teachers who need support in their classrooms, The Big Book of Behavior Management provides you with the right tools to manage and teach behavior, build relationships, and develop students′ academic, social, and self-regulation skills.",google_books_meta,Content/base_de_dados/ebooks_gestao_sala/raw/copy_texts/google-books-the-big-book-of-behavior-management-k-5-positive-proactive-prosocial-interven.md
