canal,rank,titulo,visualizacoes,data_publicacao,likes,dislikes,duracao,,,,link,thumbnail,Transcrição do vídeo,Comentários
Grace For Purpose Prayers,1,ENCOURAGING BIBLE VERSES TO DWELL ON | RELAX | PEACEFUL | GOD'S PROTECTION,9990344,20200804,77563,N/D,03:55:04,https://www.youtube.com/watch?v=f1JxtVW4I5U,https://i.ytimg.com/vi_webp/f1JxtVW4I5U/maxresdefault.webp,https://docs.google.com/document/d/1DFRg70JOR8nlhy44pTm07qEvxL4url_nkBuXbYGQhgc/edit,4300,"Thumbnail média; há figura humana/rosto em destaque; paleta predominante: preto, vermelho, branco; texto em destaque provavelmente ligado a: GOD'S / ENCOURAGING.",,
Grace For Purpose Prayers,2,BEST MORNING PRAYERS FOR PROTECTION | BLESSINGS | BREAKTHROUGH AND FAVOUR,8513915,20200829,124075,N/D,01:01:16,https://www.youtube.com/watch?v=m6aXIcSIHqo,https://i.ytimg.com/vi_webp/m6aXIcSIHqo/maxresdefault.webp,https://docs.google.com/document/d/1sZir_cwm8YXQOyJE200nzh_vyjekRY4k_73aRPYZIiY/edit,11000,"Thumbnail média; há figura humana/rosto em destaque; paleta predominante: preto, branco, marrom; texto visível: ES _ oo / Smee pe Pa i ee / 2 4 Bae eee ee merge.",,
Grace For Purpose Prayers,3,"A Powerful Morning Prayer | God's Favour, Grace and Protection | Start Your Day With This Prayer",7284974,20200805,144331,N/D,11:24,https://www.youtube.com/watch?v=r8mrfq6SNIU,https://i.ytimg.com/vi_webp/r8mrfq6SNIU/maxresdefault.webp,https://docs.google.com/document/d/1qhYUru-BsDSNBnW-Owa4iqprLRiS77r5ye-oX5NTXqY/edit,11000,"Thumbnail média; não há figura humana clara em destaque; paleta predominante: marrom, branco, preto; texto em destaque provavelmente ligado a: GOD'S / FAVOUR / GRACE / PROTECTION.",,
Grace For Purpose Prayers,4,Night Prayer Before Sleep | Be Blessed With This Psalm 121 Prayer As You Fall Asleep,5871841,20220423,87804,N/D,03:22:25,https://www.youtube.com/watch?v=SYxnhrM6ITo,https://i.ytimg.com/vi/SYxnhrM6ITo/maxresdefault.jpg,,4300,"Thumbnail escura; não há figura humana clara em destaque; paleta predominante: preto, laranja; texto em destaque provavelmente ligado a: SLEEP / PSALM / FALL / ASLEEP.",,
Grace For Purpose Prayers,5,"Bless Your Day With This Powerful Morning Prayer | God's Protection, Grace and Mercy",5788946,20200713,90215,N/D,11:43,https://www.youtube.com/watch?v=sAAtaDw49sM,https://i.ytimg.com/vi/sAAtaDw49sM/maxresdefault.jpg,,7900,"Thumbnail média; não há figura humana clara em destaque; paleta predominante: preto, laranja, branco; texto visível: BLESS / / YOUR DAY / & 2 MORNING.",,
Grace For Purpose Prayers,6,Abide In God's Presence Always |  A Blessed Prayer To Start Your Day,4920443,20211227,121645,N/D,11:20,https://www.youtube.com/watch?v=QuOD5BKWuOY,https://i.ytimg.com/vi_webp/QuOD5BKWuOY/maxresdefault.webp,,4800,"Thumbnail escura; não há figura humana clara em destaque; paleta predominante: preto, branco, marrom; texto em destaque provavelmente ligado a: ABIDE / GOD'S / PRESENCE / ALWAYS.",,
Grace For Purpose Prayers,7,A Prayer For Protection Against Evil Plans | Be Covered By God's Grace,4749937,20200824,125884,N/D,10:54,https://www.youtube.com/watch?v=06Vd590jADU,https://i.ytimg.com/vi/06Vd590jADU/maxresdefault.jpg,https://docs.google.com/document/d/1xpmNtmiPWUvwh4uXsymfSrsIcgYiZKcNxFwXwdypgRg/edit,11000,"Thumbnail escura; não há figura humana clara em destaque; paleta predominante: preto, rosa, azul-petróleo; texto visível: PRAYER TOCANCEL S / EVERY ber / NEGATIVE WORD es.",,
Grace For Purpose Prayers,8,The Best Morning Prayers That Will Bless You and Uplift Your Soul!,4591745,20201219,82189,N/D,01:00:16,https://www.youtube.com/watch?v=UZtPDkuPfrk,https://i.ytimg.com/vi_webp/UZtPDkuPfrk/maxresdefault.webp,https://docs.google.com/document/d/12jEKEh1NhZ10K3j51XMx4saFGZxDhN3xLrMUUNX_yug/edit,4800,"Thumbnail média; não há figura humana clara em destaque; paleta predominante: preto, vermelho, rosa; texto visível: g Go PLAY / Fo UT EVERY / _ AMORNIN.",,
Grace For Purpose Prayers,9,Listen To This EVERYDAY | Pray First Before You Start Your Day,4484083,20210717,68197,N/D,01:50:50,https://www.youtube.com/watch?v=dYkx8pSjaGc,https://i.ytimg.com/vi_webp/dYkx8pSjaGc/maxresdefault.webp,https://docs.google.com/document/d/15BhGaRbDIaLY_fW2BiJz7kiuBsV2EHnbehwEXYWTR4o/edit,4300,"Thumbnail média; não há figura humana clara em destaque; paleta predominante: branco, azul, marrom; texto em destaque provavelmente ligado a: EVERYDAY / PRAY.",,
Grace For Purpose Prayers,10,The Best PSALMS Bible Verses | Peaceful Reading For Sleep Or Study,4430859,20200719,53025,N/D,03:56:28,https://www.youtube.com/watch?v=Btsxshb0QQ8,https://i.ytimg.com/vi_webp/Btsxshb0QQ8/maxresdefault.webp,https://docs.google.com/document/d/1IBTHmWZCa-W6JqIrwjYdAqbqgRJp7Kus8mRvi-13aPw/edit,2400,"Thumbnail média; não há figura humana clara em destaque; paleta predominante: preto, laranja, branco; texto em destaque provavelmente ligado a: BEST / PSALMS / BIBLE / VERSES.",,
Grace For Purpose Prayers,11,Beautiful Night Bedtime Prayer For Peaceful Relaxation Before You Sleep (With Bible Reading),4359069,20200614,66204,N/D,13:31,https://www.youtube.com/watch?v=_xOk6cYCK0Q,https://i.ytimg.com/vi/_xOk6cYCK0Q/maxresdefault.jpg,https://docs.google.com/document/d/1l3hqnRJlXWjR6PjogF-69fxKpCAel5gVBCKiBo-Q-R4/edit,5700,"Thumbnail escura; há figura humana/rosto em destaque; paleta predominante: preto, cinza, laranja; texto visível: Ne NIGHT / F PRAYER / y EK BEFORE.",,
Grace For Purpose Prayers,12,Seek God and Speak His Word Over Your Life | A Blessed Morning Prayer To Begin Your Day,4254604,20220209,95551,N/D,12:49,https://www.youtube.com/watch?v=kLOBEJ2C0SI,https://i.ytimg.com/vi_webp/kLOBEJ2C0SI/maxresdefault.webp,https://docs.google.com/document/d/1X_X2RBtHbqRmO4rY28J8jSO6xveibCAxoouCtlYYccQ/edit,3600,"Thumbnail média; não há figura humana clara em destaque; paleta predominante: preto, amarelo, marrom; texto visível: SEEK GOD FIRST / MORNING Seana.",,
Grace For Purpose Prayers,13,Quiet Time With The Lord | A Blessed Prayer To Start Your Day,3906212,20220307,101921,N/D,11:21,https://www.youtube.com/watch?v=bwgDrEesvh0,https://i.ytimg.com/vi_webp/bwgDrEesvh0/maxresdefault.webp,https://docs.google.com/document/d/1hGwqqX724iEAt5RHNtsto7fXLJDOi6UthtXWJer5esM/edit,2500,"Thumbnail escura; há figura humana/rosto em destaque; paleta predominante: preto, marrom, branco; texto visível: MORNING PRAYER.",,
Grace For Purpose Prayers,14,Daily Inspirational Prayers That Will Bless and Encourage You | Keep God First!,3674946,20210501,49654,N/D,01:43:53,https://www.youtube.com/watch?v=SxIWCOKS7ss,https://i.ytimg.com/vi_webp/SxIWCOKS7ss/maxresdefault.webp,https://docs.google.com/document/d/1-Ns_f0lQp_Mdha0eRFLwGc9PhHmciq6WpxJOf1Ba-ek/edit,2800,"Thumbnail média; não há figura humana clara em destaque; paleta predominante: azul-petróleo, preto, branco; texto em destaque provavelmente ligado a: INSPIRATIONAL / BLESS / ENCOURAGE / KEEP.",,
Grace For Purpose Prayers,15,Play This Every Night | The Best Prayers To Fall Asleep Blessed | Sleep With God's Word All Night,3130822,20211223,33859,N/D,03:41:52,https://www.youtube.com/watch?v=6KLD6bC0cyg,https://i.ytimg.com/vi_webp/6KLD6bC0cyg/maxresdefault.webp,https://docs.google.com/document/d/1igUInPBv_Ny_mPnxH9w_xKsqs4WiHfurNqfVpuDmqS4/edit,1300,"Thumbnail média; há figura humana/rosto em destaque; paleta predominante: azul, rosa, preto; texto em destaque provavelmente ligado a: SLEEP / GOD'S / WORD.",,
Grace For Purpose Prayers,16,Late Night Prayers For Sleep | God's Promises | Fall Asleep To God's Word,3124141,20210925,43349,N/D,06:17:44,https://www.youtube.com/watch?v=J0RUsKvXfl4,https://i.ytimg.com/vi_webp/J0RUsKvXfl4/maxresdefault.webp,,2200,"Thumbnail escura; há figura humana/rosto em destaque; paleta predominante: preto, marrom, branco; texto visível: LATE NIGHT PRAYERS.",,
Grace For Purpose Prayers,17,Start Your Day With This Every Morning! Prayer Changes Your Day!,2921006,20210306,49834,N/D,57:03:00,https://www.youtube.com/watch?v=fdomZscWFyA,https://i.ytimg.com/vi_webp/fdomZscWFyA/maxresdefault.webp,,2700,"Thumbnail média; há figura humana/rosto em destaque; paleta predominante: branco, preto, cinza; texto visível: MAKE TIME - e o / FORGOD - / MORNING ye aq.",,
Grace For Purpose Prayers,18,Fall Asleep and Be Blessed With God's Word | Bible Verses To End Your Day,2755322,20201026,47696,N/D,04:10:20,https://www.youtube.com/watch?v=dRxhrVo7MUY,https://i.ytimg.com/vi_webp/dRxhrVo7MUY/maxresdefault.webp,,1500,"Thumbnail média; há figura humana/rosto em destaque; paleta predominante: preto, rosa, laranja; texto visível: SLEEP WITHGOD S We / - nr Ue.",,
Grace For Purpose Prayers,19,CALM Bible Sleep Meditation | God's Protection and Blessings - Peaceful Prayer and Scripture,2707525,20201125,47881,N/D,04:43:15,https://www.youtube.com/watch?v=HgIFy5PZg0E,https://i.ytimg.com/vi/HgIFy5PZg0E/maxresdefault.jpg,,2200,"Thumbnail média; não há figura humana clara em destaque; paleta predominante: preto, branco, azul-petróleo; texto em destaque provavelmente ligado a: BIBLE / SLEEP.",,
Grace For Purpose Prayers,20,Start By Saying 'THANK YOU GOD' | A Morning Prayer of Gratitude and Thanks,2514371,20210330,55079,N/D,14:51,https://www.youtube.com/watch?v=oRhJjEnOUBU,https://i.ytimg.com/vi_webp/oRhJjEnOUBU/maxresdefault.webp,,3900,"Thumbnail média; não há figura humana clara em destaque; paleta predominante: branco, cinza, preto; texto visível: START YOUR DAY WITH THIS PRAYER / ce s / a gS ie Sia a Bg.",,
Grace For Purpose Prayers,21,LISTEN EVERY NIGHT | The Best Bedtime Prayers To Bless You As You Fall Asleep,2459983,20220319,24600,N/D,03:40:59,https://www.youtube.com/watch?v=VUsKVQBTuL8,https://i.ytimg.com/vi_webp/VUsKVQBTuL8/maxresdefault.webp,,1000,"Thumbnail média; não há figura humana clara em destaque; paleta predominante: preto, marrom, rosa; texto visível: ghee 26g a YT gee no SEE / Le wg A ou at / Cues EO a a ae ae.",,
Grace For Purpose Prayers,22,This Will Help You Fall Asleep Blessed | The Best Peaceful Prayers For Sleep (Listen All Night!),2452598,20220105,25232,N/D,03:41:56,https://www.youtube.com/watch?v=6rFHAENLR78,https://i.ytimg.com/vi/6rFHAENLR78/maxresdefault.jpg,,1100,"Thumbnail escura; não há figura humana clara em destaque; paleta predominante: preto, branco; texto visível: GOODNIGHT ad / SLEEP PRAYERS.",,
Grace For Purpose Prayers,23,The Lord Will Fight For You | Psalm 91 | A Blessed Morning Prayer To Start Your Day,2427682,20230831,54001,N/D,15:09,https://www.youtube.com/watch?v=-bcRSwWxrHo,https://i.ytimg.com/vi_webp/-bcRSwWxrHo/maxresdefault.webp,,3600,"Thumbnail escura; não há figura humana clara em destaque; paleta predominante: marrom, preto, rosa; texto em destaque provavelmente ligado a: LORD / FIGHT / PSALM.",,
Grace For Purpose Prayers,24,God's Morning Blessings | Start Your Day With Powerful Prayers,2420451,20220320,36720,N/D,46:28:00,https://www.youtube.com/watch?v=-F3JdaXcpp0,https://i.ytimg.com/vi/-F3JdaXcpp0/maxresdefault.jpg,,1600,"Thumbnail escura; há figura humana/rosto em destaque; paleta predominante: preto, azul-petróleo, branco; texto visível: - EVERY / A AND / ON THANK GOD.",,
Grace For Purpose Prayers,25,Healing Scriptures | God's Miraculous Word | Bible Verses  For Supernatural Healing,2408926,20200904,34260,N/D,03:38:19,https://www.youtube.com/watch?v=Ist4688Akvk,https://i.ytimg.com/vi_webp/Ist4688Akvk/maxresdefault.webp,,2500,"Thumbnail escura; não há figura humana clara em destaque; paleta predominante: preto, branco, cinza; texto em destaque provavelmente ligado a: HEALING / BIBLE / VERSES.",,
Grace For Purpose Prayers,26,Morning Inspirational Prayers | Start Your Day With God!,2404906,20200815,41011,N/D,01:02:30,https://www.youtube.com/watch?v=v57qVxx42c0,https://i.ytimg.com/vi_webp/v57qVxx42c0/maxresdefault.webp,,3100,"Thumbnail média; há figura humana/rosto em destaque; paleta predominante: branco, preto, cinza; texto visível: BEGIN / YOURDAY 7 / BLESSINGS.",,
Grace For Purpose Prayers,27,Start Your Day By Putting God First Every Morning | Blessed Prayers To Invite God's Presence,2364839,20210710,33307,N/D,01:31:11,https://www.youtube.com/watch?v=h-Lqdd3yDQo,https://i.ytimg.com/vi_webp/h-Lqdd3yDQo/maxresdefault.webp,,1500,"Thumbnail clara; não há figura humana clara em destaque; paleta predominante: branco, preto, amarelo; texto em destaque provavelmente ligado a: PUTTING / INVITE / GOD'S / PRESENCE.",,
Grace For Purpose Prayers,28,Make Time For God | Blessed Morning Prayers To Begin Your Day Encouraged,2224072,20230819,30251,N/D,01:22:01,https://www.youtube.com/watch?v=P_k3dPaaD1M,https://i.ytimg.com/vi/P_k3dPaaD1M/maxresdefault.jpg,,2000,"Thumbnail média; não há figura humana clara em destaque; paleta predominante: preto, laranja, branco; texto visível: PRAY / FIRST a.",,
Grace For Purpose Prayers,29,You Will See The Goodness Of The Lord | A Blessed Morning Prayer To Start Your Day,2175883,20230814,53577,N/D,16:47,https://www.youtube.com/watch?v=AFezAAVFs1M,https://i.ytimg.com/vi_webp/AFezAAVFs1M/maxresdefault.webp,,3600,"Thumbnail escura; há figura humana/rosto em destaque; paleta predominante: preto, branco; texto em destaque provavelmente ligado a: GOODNESS / LORD.",,
Grace For Purpose Prayers,30,Late Night Prayers For Sleep | God's Blessing & Protection | Fall Asleep To God's Word,2155110,20210905,30886,N/D,06:35:40,https://www.youtube.com/watch?v=QQFsCVMBW6Q,https://i.ytimg.com/vi_webp/QQFsCVMBW6Q/maxresdefault.webp,,1600,"Thumbnail escura; há figura humana/rosto em destaque; paleta predominante: preto, marrom, branco; texto em destaque provavelmente ligado a: LATE / SLEEP / GOD'S / BLESSING.",,
DailyEffectivePrayer,1,Morning Prayer Starting Your Day With God | Powerful Prayer For Morning,11533541,20151223,106772,N/D,01:56,https://www.youtube.com/watch?v=N0ClLfhl6Iw,https://i.ytimg.com/vi_webp/N0ClLfhl6Iw/maxresdefault.webp,,12000,"Thumbnail média; não há figura humana clara em destaque; paleta predominante: amarelo, marrom, branco; texto em destaque provavelmente ligado a: STARTING.",,
DailyEffectivePrayer,2,Prayer To Cancel Evil Plan Of The Enemy | Prayers Against Evil Plans,5443089,20180217,88205,N/D,05:36,https://www.youtube.com/watch?v=NEBY1ic7M9M,https://i.ytimg.com/vi_webp/NEBY1ic7M9M/maxresdefault.webp,,16000,"Thumbnail média; há figura humana/rosto em destaque; paleta predominante: preto, cinza, branco; texto em destaque provavelmente ligado a: CANCEL / EVIL / PLAN / ENEMY.",,
DailyEffectivePrayer,3,Prayer For Family Protection | Prayers To Protect My Family From Evil,5339341,20150831,45466,N/D,02:55,https://www.youtube.com/watch?v=14a96XGTgqM,https://i.ytimg.com/vi_webp/14a96XGTgqM/maxresdefault.webp,,10000,"Thumbnail média; há figura humana/rosto em destaque; paleta predominante: marrom, preto, branco; texto em destaque provavelmente ligado a: FAMILY / PROTECTION.",,
DailyEffectivePrayer,4,Prayer For Thanking God | Prayer For Thanksgiving,5237216,20151223,49953,N/D,02:46,https://www.youtube.com/watch?v=uppWgVg6eOU,https://i.ytimg.com/vi_webp/uppWgVg6eOU/maxresdefault.webp,,8800,"Thumbnail média; há figura humana/rosto em destaque; paleta predominante: preto, cinza, branco; texto visível: Ss A POWERFUL PRAYER.",,
DailyEffectivePrayer,5,Prayer For a Good Day | Prayers For a Good Day,4801599,20180116,57547,N/D,08:58,https://www.youtube.com/watch?v=smpilwj7S-E,https://i.ytimg.com/vi_webp/smpilwj7S-E/maxresdefault.webp,,9100,"Thumbnail média; não há figura humana clara em destaque; paleta predominante: cinza, branco, marrom; texto visível: _ PRAY THIS TODAY / 7 / DailyEffectivePrayer com.",,
DailyEffectivePrayer,6,Prayer For Financial Miracle | Powerful Prayers For Financial Miracles,4101509,20150927,52479,N/D,03:25,https://www.youtube.com/watch?v=NeacyNw-oBs,https://i.ytimg.com/vi_webp/NeacyNw-oBs/maxresdefault.webp,,11000,"Thumbnail média; não há figura humana clara em destaque; paleta predominante: preto, cinza, branco; texto em destaque provavelmente ligado a: FINANCIAL / MIRACLE.",,
DailyEffectivePrayer,7,Prayer For Instant Miracle | Powerful Prayer for a Miracle Today,4063626,20180217,67499,N/D,06:03,https://www.youtube.com/watch?v=uO9qjga7Tlg,https://i.ytimg.com/vi_webp/uO9qjga7Tlg/maxresdefault.webp,,18000,"Thumbnail média; não há figura humana clara em destaque; paleta predominante: marrom, branco, cinza; texto em destaque provavelmente ligado a: INSTANT / MIRACLE / TODAY.",,
DailyEffectivePrayer,8,Prayer For My Daughter | Prayers For Your Daughter,4038169,20180117,33274,N/D,06:01,https://www.youtube.com/watch?v=ZyJ3Y73pFus,https://i.ytimg.com/vi_webp/ZyJ3Y73pFus/maxresdefault.webp,,9400,"Thumbnail média; não há figura humana clara em destaque; paleta predominante: preto, cinza, branco; texto visível: PRAY FOR HER TODAY / DailyEffectivePrayer com.",,
DailyEffectivePrayer,9,Prayer For My Son | Prayers For Your Son,3309227,20180120,25658,N/D,05:05,https://www.youtube.com/watch?v=iVxEL0giVQY,https://i.ytimg.com/vi_webp/iVxEL0giVQY/maxresdefault.webp,,8600,"Thumbnail média; há figura humana/rosto em destaque; paleta predominante: preto, cinza, branco; sem texto legível em destaque.",,
DailyEffectivePrayer,10,Prayer For Bedtime | Bedtime Prayer That Works,3070148,20151223,33267,N/D,02:08,https://www.youtube.com/watch?v=v2vaeYVBhc8,https://i.ytimg.com/vi_webp/v2vaeYVBhc8/maxresdefault.webp,,4500,"Thumbnail clara; há figura humana/rosto em destaque; paleta predominante: branco, cinza, preto; texto visível: SEDTIME PRAYER / PRAY THIS BEFORE YOU FALL ASLEEP.",,
DailyEffectivePrayer,11,"Prayer For Forgiveness Of Sins, Renewal, and Repentance",3061122,20151219,59365,N/D,02:57,https://www.youtube.com/watch?v=FnsvT5Iy-Xw,https://i.ytimg.com/vi_webp/FnsvT5Iy-Xw/maxresdefault.webp,,11000,"Thumbnail média; não há figura humana clara em destaque; paleta predominante: cinza, marrom, branco; texto visível: GOD FORta / A POWEREIIem / bavi sin a a 7.",,
DailyEffectivePrayer,12,The Ultimate Prayer For Healing That Works | Powerful Healing Prayer Miracle,2846291,20150203,38982,N/D,05:50,https://www.youtube.com/watch?v=d2BwqKqGXAs,https://i.ytimg.com/vi_webp/d2BwqKqGXAs/maxresdefault.webp,,7000,"Thumbnail média; não há figura humana clara em destaque; paleta predominante: branco, cinza, marrom; texto em destaque provavelmente ligado a: ULTIMATE / HEALING / WORKS / MIRACLE.",,
DailyEffectivePrayer,13,Prayer for Unexpected Money Gifts | Unexpected Money and Income Prayers,2448265,20180216,34918,N/D,06:31,https://www.youtube.com/watch?v=pajK-u8YnXo,https://i.ytimg.com/vi_webp/pajK-u8YnXo/maxresdefault.webp,,10000,"Thumbnail média; há figura humana/rosto em destaque; paleta predominante: cinza, marrom, branco; texto em destaque provavelmente ligado a: UNEXPECTED / GIFTS.",,
DailyEffectivePrayer,14,"Prayer Against Evil Spirits | Remove, Get Rid, Ward Off, Drive Away Demons",2390208,20180221,50672,N/D,07:32,https://www.youtube.com/watch?v=6wLvTIH88NI,https://i.ytimg.com/vi_webp/6wLvTIH88NI/maxresdefault.webp,,7000,"Thumbnail média; não há figura humana clara em destaque; paleta predominante: preto, cinza, branco; texto em destaque provavelmente ligado a: AGAINST / EVIL / SPIRITS / REMOVE.",,
DailyEffectivePrayer,15,Prayer For God's Help | God Help Me Please Miracle Prayer,2304767,20180131,40321,N/D,04:45,https://www.youtube.com/watch?v=lUP37jyHads,https://i.ytimg.com/vi_webp/lUP37jyHads/maxresdefault.webp,,8000,"Thumbnail clara; não há figura humana clara em destaque; paleta predominante: branco, rosa, azul-petróleo; texto visível: GOD HELP Mes / A MIRAGE PALER S.",,
DailyEffectivePrayer,16,Prayer For Immediate Financial Help | Miracle Prayers For Financial Help,2247064,20150927,29606,N/D,03:45,https://www.youtube.com/watch?v=TrmXPrEjY08,https://i.ytimg.com/vi_webp/TrmXPrEjY08/maxresdefault.webp,,7100,"Thumbnail clara; não há figura humana clara em destaque; paleta predominante: branco, cinza; texto visível: LFINANGIALMIRACLEsL / a DailyfTeRtivePra pon / TCO EE EO.",,
DailyEffectivePrayer,17,Prayer For Your Children | Daily Prayer For Our Children,2208654,20151101,16484,N/D,03:17,https://www.youtube.com/watch?v=Gqa9KSMc1EA,https://i.ytimg.com/vi_webp/Gqa9KSMc1EA/maxresdefault.webp,,5900,"Thumbnail média; há figura humana/rosto em destaque; paleta predominante: preto, cinza, branco; texto visível: as SUHILDREN / i ok WS / 7 i PRAY FOR THEM EVERY DAY.",,
DailyEffectivePrayer,18,Morning Prayer Before You Start Your Day | A Daily Effective Prayer,2092815,20201015,45708,N/D,03:32,https://www.youtube.com/watch?v=kiwTHvI8Gys,https://i.ytimg.com/vi/kiwTHvI8Gys/maxresdefault.jpg,,7300,"Thumbnail clara; não há figura humana clara em destaque; paleta predominante: branco, laranja, marrom; texto visível: Wea ING Pie / START YOUR.",,
DailyEffectivePrayer,19,Prayers For Safety and Protection | Protection and Safety Prayers,2035589,20180120,28525,N/D,05:57,https://www.youtube.com/watch?v=Pqsxble1_aQ,https://i.ytimg.com/vi_webp/Pqsxble1_aQ/maxresdefault.webp,,4600,"Thumbnail clara; não há figura humana clara em destaque; paleta predominante: marrom, rosa, branco; texto visível: SUPERNATURAL PROTECTION PRAYEBasm.",,
DailyEffectivePrayer,20,Prayer For Night Protection | Night Prayer For Protection,1960873,20180216,27146,N/D,05:30,https://www.youtube.com/watch?v=xUs2SXiEQgM,https://i.ytimg.com/vi_webp/xUs2SXiEQgM/maxresdefault.webp,,3800,"Thumbnail média; não há figura humana clara em destaque; paleta predominante: preto, cinza, branco; texto em destaque provavelmente ligado a: PROTECTION.",,
DailyEffectivePrayer,21,Prayer For Eyes | Healing Prayer For Your Eyes,1922175,20151129,21986,N/D,05:42,https://www.youtube.com/watch?v=UF6DXop-X24,https://i.ytimg.com/vi_webp/UF6DXop-X24/maxresdefault.webp,,6700,"Thumbnail clara; há figura humana/rosto em destaque; paleta predominante: branco, preto, rosa; texto visível: SEALING PRAYER.",,
DailyEffectivePrayer,22,Powerful Prayer For Healing In Jesus Name | Healing Miracle Prayer,1834114,20151116,27763,N/D,05:37,https://www.youtube.com/watch?v=3Juf5IoIcEU,https://i.ytimg.com/vi_webp/3Juf5IoIcEU/maxresdefault.webp,,4600,"Thumbnail média; há figura humana/rosto em destaque; paleta predominante: laranja, marrom, branco; texto visível: anklt : R- a Loo / es 4 ectivePrayer cyl Re.",,
DailyEffectivePrayer,23,Prayer For Grandchildren | Pray For Your Grandchildren,1825138,20180112,11787,N/D,06:24,https://www.youtube.com/watch?v=tb-gPmiN3yg,https://i.ytimg.com/vi_webp/tb-gPmiN3yg/maxresdefault.webp,,4400,"Thumbnail clara; não há figura humana clara em destaque; paleta predominante: rosa, branco, laranja; texto visível: PRA EORITHEMEVERSDAY / ey - DailyEffectivePrayer com an.",,
DailyEffectivePrayer,24,Prayer For All Your Needs | Prayer For Needs Right Now,1821289,20180202,26099,N/D,06:04,https://www.youtube.com/watch?v=Q9x1kaXYiH4,https://i.ytimg.com/vi_webp/Q9x1kaXYiH4/maxresdefault.webp,,4500,"Thumbnail média; não há figura humana clara em destaque; paleta predominante: preto, marrom, branco; texto visível: PAL to DAILY PRAYER tp / i ee e ae / Nes yea.",,
DailyEffectivePrayer,25,Prayer For God's Blessings | God's Blessings and Favor Prayer Decree,1804519,20180119,24703,N/D,05:13,https://www.youtube.com/watch?v=WUwF72euDkI,https://i.ytimg.com/vi_webp/WUwF72euDkI/maxresdefault.webp,,5000,"Thumbnail clara; não há figura humana clara em destaque; paleta predominante: rosa, branco, laranja; texto em destaque provavelmente ligado a: GOD'S / BLESSINGS / FAVOR / DECREE.",,
DailyEffectivePrayer,26,Prayer For Casting Out Demons | Anointed Prayers To Cast Out Spirits,1751552,20150913,34747,N/D,04:49,https://www.youtube.com/watch?v=V8z5xvV-pco,https://i.ytimg.com/vi_webp/V8z5xvV-pco/maxresdefault.webp,,4900,"Thumbnail média; não há figura humana clara em destaque; paleta predominante: preto, azul-petróleo, branco; texto visível: PRAY THIS PRAGA OUT DEMONS.",,
DailyEffectivePrayer,27,Prayer For Healing Sickness | Short Healing Prayer For The Sick,1725477,20151129,27298,N/D,05:37,https://www.youtube.com/watch?v=3HGoivCkWN8,https://i.ytimg.com/vi_webp/3HGoivCkWN8/maxresdefault.webp,,4700,"Thumbnail média; não há figura humana clara em destaque; paleta predominante: marrom, cinza, branco; texto visível: A MIRACLE HEALING PRAVER.",,
DailyEffectivePrayer,28,How To Pray and Fast For a Breakthrough | Steps To Fasting and Prayer,1659664,20180111,30342,N/D,06:48,https://www.youtube.com/watch?v=xw2uhbBdSVI,https://i.ytimg.com/vi_webp/xw2uhbBdSVI/maxresdefault.webp,,1400,"Thumbnail média; não há figura humana clara em destaque; paleta predominante: marrom, laranja, branco; texto visível: OTR UP AEDIIG CIN an BABVIS BETA N ECE aa se Ss a penn eee ee.",,
DailyEffectivePrayer,29,Prayer Before Communion | Pray This Before Taking Holy Communion,1598392,20180202,17072,N/D,03:43,https://www.youtube.com/watch?v=NzlK1k8o6Pw,https://i.ytimg.com/vi_webp/NzlK1k8o6Pw/maxresdefault.webp,,1400,"Thumbnail média; não há figura humana clara em destaque; paleta predominante: marrom, cinza, branco; texto em destaque provavelmente ligado a: COMMUNION / PRAY / TAKING / HOLY.",,
DailyEffectivePrayer,30,"Prayer For House Blessing, Cleaning, Cleansing | Your Home Is Blessed",1596072,20151223,18949,N/D,01:54,https://www.youtube.com/watch?v=BawAQ8kwHGE,https://i.ytimg.com/vi_webp/BawAQ8kwHGE/maxresdefault.webp,,2000,"Thumbnail média; não há figura humana clara em destaque; paleta predominante: cinza, preto, branco; texto em destaque provavelmente ligado a: HOUSE / BLESSING / CLEANING / CLEANSING.",,
Daily Jesus Prayers,1,If You Wake Up Between 3am - 5am  SAY This Powerful Meditation Prayer (Christian Motivation),6483628,20231227,134650,N/D,26:35:00,https://www.youtube.com/watch?v=IKo2LdyVykI,https://i.ytimg.com/vi/IKo2LdyVykI/maxresdefault.jpg,,248000,"Thumbnail média; há figura humana/rosto em destaque; paleta predominante: preto, branco, cinza; texto visível: _ SAY THIS PRAYER.",,
Daily Jesus Prayers,2,Morning Prayer Before You Start Your Day | Powerful Morning Prayer,1872285,20240316,93832,N/D,12:48,https://www.youtube.com/watch?v=HsTWKX_m3zk,https://i.ytimg.com/vi/HsTWKX_m3zk/maxresdefault.jpg,,70000,"Thumbnail média; não há figura humana clara em destaque; paleta predominante: marrom, cinza, branco; texto visível: PRAY BEFORE 4 / YOU START YOUR.",,
Daily Jesus Prayers,3,Pray This Powerful Jeremiah 29 Morning Prayer - You Will Seek Me and Find Me (Christian Motivation),1804008,20240128,94707,N/D,13:45,https://www.youtube.com/watch?v=vU2PUPW2h_k,https://i.ytimg.com/vi_webp/vU2PUPW2h_k/maxresdefault.webp,,54000,"Thumbnail clara; não há figura humana clara em destaque; paleta predominante: branco, rosa, preto; texto visível: THE / MORNING PRAYER - / _ JESUS.",,
Daily Jesus Prayers,4,Always Start Your Day With God | Psalm 5 (A Powerful Prayer To Begin Your Day Blessed),1208590,20240330,67334,N/D,11:54,https://www.youtube.com/watch?v=YLbIEZLX5L4,https://i.ytimg.com/vi_webp/YLbIEZLX5L4/maxresdefault.webp,,42000,"Thumbnail média; não há figura humana clara em destaque; paleta predominante: branco, preto, cinza; texto em destaque provavelmente ligado a: ALWAYS / PSALM.",,
Daily Jesus Prayers,5,"God, I Woke Up And I Am So Grateful - Pray This Morning Prayer Daily (THIS IS SO POWERFUL)",949891,20231212,52970,N/D,11:53,https://www.youtube.com/watch?v=xZC-vv2jhKE,https://i.ytimg.com/vi/xZC-vv2jhKE/maxresdefault.jpg,,36000,"Thumbnail média; não há figura humana clara em destaque; paleta predominante: branco, preto, cinza; texto visível: are & GOD WOKE ME UP / at Te BLESSED MORNING PRAYER.",,
Daily Jesus Prayers,6,Begin Your Day With This Prayer 4K (Pray This Blessed Morning Prayer Everyday),856754,20240213,49070,N/D,14:23,https://www.youtube.com/watch?v=am-LbVDBVNU,https://i.ytimg.com/vi/am-LbVDBVNU/maxresdefault.jpg,,40000,"Thumbnail média; não há figura humana clara em destaque; paleta predominante: branco, preto, cinza; texto em destaque provavelmente ligado a: PRAY / EVERYDAY.",,
Daily Jesus Prayers,7,BE HEALED. Say This Powerful Prayer For Healing And Deliverance (Daily Jesus Prayers),750324,20231215,27262,N/D,12:49,https://www.youtube.com/watch?v=-UbLQWXCjUQ,https://i.ytimg.com/vi_webp/-UbLQWXCjUQ/maxresdefault.webp,,26000,"Thumbnail média; não há figura humana clara em destaque; paleta predominante: azul-petróleo, branco, marrom; texto visível: HEALING / A PRAYER / DAILY.",,
Daily Jesus Prayers,8,A Blessed Morning Prayer To Start Your Day With God  (Daily Jesus Prayers),677950,20231125,44882,N/D,12:00,https://www.youtube.com/watch?v=AWJqI0IxOQ0,https://i.ytimg.com/vi_webp/AWJqI0IxOQ0/maxresdefault.webp,,34000,"Thumbnail média; não há figura humana clara em destaque; paleta predominante: laranja, preto, branco; texto visível: START WITH GOD / /y MOST PUMenr yl.",,
Daily Jesus Prayers,9,Always Pray First And Put God First Every Morning - A Blessed Morning Prayer,610287,20240607,34707,N/D,13:06,https://www.youtube.com/watch?v=24MAGHaOz2o,https://i.ytimg.com/vi/24MAGHaOz2o/maxresdefault.jpg,,18000,"Thumbnail média; não há figura humana clara em destaque; paleta predominante: preto, cinza, branco; texto visível: EVERY MORNING a ti / DAILY.",,
Daily Jesus Prayers,10,"Pray First, Morning Prayer To Bless Your Day | Pray And Watch What Happens (Daily Jesus Prayers)",499349,20240113,35680,N/D,14:44,https://www.youtube.com/watch?v=FhLHjFmKSkY,https://i.ytimg.com/vi/FhLHjFmKSkY/maxresdefault.jpg,,25000,"Thumbnail clara; não há figura humana clara em destaque; paleta predominante: branco, cinza, marrom; texto em destaque provavelmente ligado a: WATCH / HAPPENS.",,
Daily Jesus Prayers,11,SAY THIS PRAYER NOW AND WATCH GOD WORK (Prayer Of Faith) - A Blessed Morning Prayer To Start The Day,496431,20240605,33879,N/D,14:50,https://www.youtube.com/watch?v=QVKMGM2fAu4,https://i.ytimg.com/vi/QVKMGM2fAu4/maxresdefault.jpg,,28000,"Thumbnail média; não há figura humana clara em destaque; paleta predominante: marrom, cinza, branco; texto visível: bi PRAYER OF FAITH / MORNING PRAYER.",,
Daily Jesus Prayers,12,Pray First Before Your Next Move (Psalm 20) He Will Answer You - Morning Prayer To Start Your Day,446104,20240615,29950,N/D,15:59,https://www.youtube.com/watch?v=nboKO3ZKSIc,https://i.ytimg.com/vi/nboKO3ZKSIc/maxresdefault.jpg,,17000,"Thumbnail clara; há figura humana/rosto em destaque; paleta predominante: branco, cinza, preto; texto em destaque provavelmente ligado a: PSALM / PRAY / MOVE.",,
Daily Jesus Prayers,13,"Start With God, Just 15 Minutes With The Lord And Your Faith Swells - A Blessed Morning Prayer",423287,20240127,26680,N/D,13:51,https://www.youtube.com/watch?v=Lggh-82fePs,https://i.ytimg.com/vi_webp/Lggh-82fePs/maxresdefault.webp,,17000,"Thumbnail média; não há figura humana clara em destaque; paleta predominante: branco, preto, cinza; texto em destaque provavelmente ligado a: MINUTES / FAITH / SWELLS.",,
Daily Jesus Prayers,14,SAY This Prayer For A Good Year In 2024 | Powerful Everyday Morning Prayer To Bless Your Year,419996,20231230,18703,N/D,15:40,https://www.youtube.com/watch?v=XgVTkHqFhNE,https://i.ytimg.com/vi/XgVTkHqFhNE/maxresdefault.jpg,,13000,"Thumbnail média; não há figura humana clara em destaque; paleta predominante: preto, branco, marrom; texto em destaque provavelmente ligado a: GOOD / YEAR.",,
Daily Jesus Prayers,15,A Prayer for God To Lead And Guide Your Every Step | Be Blessed This Morning (Daily Jesus Prayers),370414,20240117,23685,N/D,15:22,https://www.youtube.com/watch?v=Hs5GE23SnuY,https://i.ytimg.com/vi/Hs5GE23SnuY/maxresdefault.jpg,,13000,"Thumbnail média; não há figura humana clara em destaque; paleta predominante: marrom, branco, preto; texto visível: GUIDE MY STEPS / RAVER TO START.",,
Daily Jesus Prayers,16,SAY This Powerful Thanksgiving Prayer To Give God Thanks (Daily Jesus Prayers),295403,20231123,14811,N/D,13:41,https://www.youtube.com/watch?v=rWC1HY00eE4,https://i.ytimg.com/vi/rWC1HY00eE4/maxresdefault.jpg,,12000,"Thumbnail média; não há figura humana clara em destaque; paleta predominante: branco, preto, cinza; texto em destaque provavelmente ligado a: GIVE / THANKS.",,
Daily Jesus Prayers,17,Say This POWERFUL Everyday | Daily Prayer for God's Blessings (Daily Jesus Devotional),281286,20231122,14722,N/D,16:50,https://www.youtube.com/watch?v=DJa7YRWn_H8,https://i.ytimg.com/vi/DJa7YRWn_H8/maxresdefault.jpg,,13000,"Thumbnail média; há figura humana/rosto em destaque; paleta predominante: preto, branco, marrom; texto visível: PRAYER ty i: / EVERY DAY.",,
Daily Jesus Prayers,18,PUT GOD FIRST IN YOUR LIFE | A Blessed Morning Prayer To Start Your Day,236590,20240223,15345,N/D,12:11,https://www.youtube.com/watch?v=bljZ0NEWuAw,https://i.ytimg.com/vi/bljZ0NEWuAw/maxresdefault.jpg,,10000,"Thumbnail média; não há figura humana clara em destaque; paleta predominante: branco, preto, cinza; texto visível: J XN Mi FIRST / P AINE Ae : or R.",,
Daily Jesus Prayers,19,THANK YOU JESUS MORNING PRAYER (A Blessed Prayer Of Gratitude For The Goodness Of God),211008,20240415,16101,N/D,13:41,https://www.youtube.com/watch?v=g0GOCTP4-Wg,https://i.ytimg.com/vi/g0GOCTP4-Wg/maxresdefault.jpg,,12000,"Thumbnail média; não há figura humana clara em destaque; paleta predominante: branco, preto, vermelho; texto em destaque provavelmente ligado a: THANK / JESUS / GRATITUDE / GOODNESS.",,
Daily Jesus Prayers,20,Surrender To God Everyday | A Powerful Morning Prayer To Start Your Day With God,210642,20240703,16247,N/D,18:34,https://www.youtube.com/watch?v=lVr_yyZgyec,https://i.ytimg.com/vi/lVr_yyZgyec/maxresdefault.jpg,,9800,"Thumbnail média; não há figura humana clara em destaque; paleta predominante: branco, preto, cinza; texto visível: Re ee / _ gg MORNING PRAYER / aA rLISTEN TO THIS.",,
Daily Jesus Prayers,21,Thank You Jesus Daily Prayer | A Blessed Morning Prayer To Start Your Day,203751,20240301,15902,N/D,12:08,https://www.youtube.com/watch?v=UldugaFXCv4,https://i.ytimg.com/vi/UldugaFXCv4/maxresdefault.jpg,,11000,"Thumbnail média; não há figura humana clara em destaque; paleta predominante: branco, preto, cinza; texto em destaque provavelmente ligado a: THANK / JESUS.",,
Daily Jesus Prayers,22,SAY This Prayer For Financial Breakthrough  | Powerful Morning Prayer To Bless Your Day,202484,20231206,11834,N/D,13:33,https://www.youtube.com/watch?v=6NujSdwuL3c,https://i.ytimg.com/vi_webp/6NujSdwuL3c/maxresdefault.webp,,10000,"Thumbnail média; há figura humana/rosto em destaque; paleta predominante: preto, rosa, branco; texto em destaque provavelmente ligado a: FINANCIAL / BREAKTHROUGH.",,
Daily Jesus Prayers,23,SAY This Prayer For A Good Day | Powerful Everyday Morning Prayer To Bless Your Day,197753,20231203,13635,N/D,13:35,https://www.youtube.com/watch?v=CS3oPAKRaPI,https://i.ytimg.com/vi/CS3oPAKRaPI/maxresdefault.jpg,,9100,"Thumbnail média; há figura humana/rosto em destaque; paleta predominante: cinza, branco, marrom; texto visível: PRAY THIS PRAYER.",,
Daily Jesus Prayers,24,Breakthrough Prayer For You Today (ASK & YOU SHALL RECEIVE) - Blessed Prayer To Open New Doors,188744,20240505,11274,N/D,11:32,https://www.youtube.com/watch?v=fcQ4RcXQMZU,https://i.ytimg.com/vi_webp/fcQ4RcXQMZU/maxresdefault.webp,,8100,"Thumbnail média; não há figura humana clara em destaque; paleta predominante: preto, cinza, branco; texto visível: PRAYER / y GOD IS OPENING.",,
Daily Jesus Prayers,25,Pray First (Begin The Day With God) - A Powerful Morning Prayer To Bless And Uplift Your Spirit,179437,20240523,12942,N/D,14:35,https://www.youtube.com/watch?v=XR_XWcfJ08E,https://i.ytimg.com/vi/XR_XWcfJ08E/maxresdefault.jpg,,8300,"Thumbnail média; não há figura humana clara em destaque; paleta predominante: preto, cinza, branco; texto visível: PRAY FIRST 2 d / RECN VOID NAV / BEGIN YOUR DAY.",,
Daily Jesus Prayers,26,Pray This Prayer To Bless Your Family And Home | A Blessed Family Prayer For God's Protection,174672,20240221,9770,N/D,14:31,https://www.youtube.com/watch?v=D7vaQXRy3xg,https://i.ytimg.com/vi/D7vaQXRy3xg/maxresdefault.jpg,,8000,"Thumbnail média; não há figura humana clara em destaque; paleta predominante: preto, branco, cinza; texto visível: Ltt : CC i Pe ee / weewees A BLESSED MORNING PRAYER / DAILY a 2 o.",,
Daily Jesus Prayers,27,ALWAYS PUT GOD ABOVE EVERYTHING | A Blessed And Powerful Morning Prayer To Start Your Day,171569,20240515,11515,N/D,13:46,https://www.youtube.com/watch?v=_xK-LY1diVY,https://i.ytimg.com/vi_webp/_xK-LY1diVY/maxresdefault.webp,,5900,"Thumbnail média; não há figura humana clara em destaque; paleta predominante: branco, preto, cinza; texto visível: EVERYTHING WILL FALL INTO PLACE.",,
Daily Jesus Prayers,28,PSALM 1 MORNING PRAYER | START YOUR DAY WITH GOD,170587,20240416,13924,N/D,11:14,https://www.youtube.com/watch?v=MsIMWqkUmZs,https://i.ytimg.com/vi/MsIMWqkUmZs/maxresdefault.jpg,,8400,"Thumbnail média; não há figura humana clara em destaque; paleta predominante: preto, branco, cinza; texto visível: Seay 6 MORNING PRAYER / ge START YOUR DAY WITH GOD ae / a RAYERS ek Se eee ae.",,
Daily Jesus Prayers,29,Holy Spirit Come | Say This Prayer To Invite The Holy Spirit (Daily Jesus Prayers),159793,20240121,9010,N/D,13:51,https://www.youtube.com/watch?v=wijZnJemZ_U,https://i.ytimg.com/vi_webp/wijZnJemZ_U/maxresdefault.webp,,7300,"Thumbnail média; não há figura humana clara em destaque; paleta predominante: branco, preto, cinza; texto em destaque provavelmente ligado a: HOLY / SPIRIT / COME.",,
Daily Jesus Prayers,30,GIVE IT TO GOD | Say This Powerful Morning Prayer And Stop Worrying (Daily Jesus Prayers),152458,20231129,9962,N/D,11:42,https://www.youtube.com/watch?v=rcowNw3J194,https://i.ytimg.com/vi/rcowNw3J194/maxresdefault.jpg,,5800,"Thumbnail média; não há figura humana clara em destaque; paleta predominante: rosa, preto, branco; texto visível: GIVE IT TO GOD / AND THIS WILL HAPPEN / PRAYER TO BLESS.",,
Above Inspiration,1,Put God First - Denzel Washington Motivational & Inspiring Commencement Speech,39302199,20171026,948761,N/D,08:36,https://www.youtube.com/watch?v=BxY_eJLBflk,https://i.ytimg.com/vi_webp/BxY_eJLBflk/maxresdefault.webp,,23000,"Thumbnail média; não há figura humana clara em destaque; paleta predominante: cinza, preto, rosa; texto em destaque provavelmente ligado a: DENZEL / WASHINGTON / MOTIVATIONAL / INSPIRING.",,
Above Inspiration,2,MORNING BLESSINGS | Morning Prayer To Start Your Day - 1 Hour Morning Inspiration to Motivate You,16599483,20200527,203231,N/D,01:01:54,https://www.youtube.com/watch?v=jwZBl6KQojM,https://i.ytimg.com/vi/jwZBl6KQojM/maxresdefault.jpg,,9300,"Thumbnail média; não há figura humana clara em destaque; paleta predominante: branco, preto, cinza; texto em destaque provavelmente ligado a: BLESSINGS / INSPIRATION.",,
Above Inspiration,3,LIFE IS SHORT | Live Every Day for God - Billy Graham Inspirational & Motivational Video,9864698,20190613,290816,N/D,04:26,https://www.youtube.com/watch?v=HhBNGdS5Kqk,https://i.ytimg.com/vi_webp/HhBNGdS5Kqk/maxresdefault.webp,,4300,"Thumbnail escura; há figura humana/rosto em destaque; paleta predominante: preto, marrom, rosa; texto em destaque provavelmente ligado a: LIFE / SHORT / LIVE / BILLY.",,
Above Inspiration,4,TRAGEDY INTO TRIUMPH | When God Says No - Inky Johnson Inspirational & Motivational Video,9473992,20171229,242985,N/D,09:53,https://www.youtube.com/watch?v=KjJXB2Zkxgo,https://i.ytimg.com/vi_webp/KjJXB2Zkxgo/maxresdefault.webp,,4000,"Thumbnail média; não há figura humana clara em destaque; paleta predominante: preto, branco, cinza; texto em destaque provavelmente ligado a: TRAGEDY / INTO / TRIUMPH / WHEN.",,
Above Inspiration,5,EVERY DAY IS A FRESH START | 5 Minutes to Start Your Day Right,8266860,20190606,187752,N/D,05:19,https://www.youtube.com/watch?v=KJK-9PZdBZw,https://i.ytimg.com/vi_webp/KJK-9PZdBZw/maxresdefault.webp,,3000,"Thumbnail média; não há figura humana clara em destaque; paleta predominante: branco, marrom, vermelho; texto visível: LISTEN TO THIS / BEFORE YOU START YOUR DAY.",,
Above Inspiration,6,BEGIN YOUR DAY WITH GOD | Listen To This Before You Start Your Day - Morning Inspiration,7792116,20191022,172686,N/D,10:02,https://www.youtube.com/watch?v=2IJLvgF8vEI,https://i.ytimg.com/vi_webp/2IJLvgF8vEI/maxresdefault.webp,,3600,"Thumbnail média; não há figura humana clara em destaque; paleta predominante: branco, preto, cinza; texto visível: BEGIN YOUR DAY / MGMMING INSPIRATION.",,
Above Inspiration,7,START WITH GOD | 1 Hour Powerful Motivation - Inspirational & Motivational Video,7551723,20191230,102030,N/D,01:00:00,https://www.youtube.com/watch?v=dB18p5JiFfY,https://i.ytimg.com/vi_webp/dB18p5JiFfY/maxresdefault.webp,,4200,"Thumbnail média; há figura humana/rosto em destaque; paleta predominante: branco, preto, cinza; texto visível: a 1 HOUR POWERFUL / ao MOTIVATION / ABaQaY.",,
Above Inspiration,8,LET GO & TRUST GOD | Overcoming Worry - Inspirational & Motivational Video,7087903,20190618,172403,N/D,14:47,https://www.youtube.com/watch?v=jou5ANZX1BQ,https://i.ytimg.com/vi_webp/jou5ANZX1BQ/maxresdefault.webp,,6000,"Thumbnail média; não há figura humana clara em destaque; paleta predominante: marrom, preto, branco; texto em destaque provavelmente ligado a: TRUST / OVERCOMING / WORRY / INSPIRATIONAL.",,
Above Inspiration,9,SEEK GOD FIRST | 1 Hour Powerful Motivation - Inspirational & Motivational Video,6701316,20201228,90576,N/D,01:01:05,https://www.youtube.com/watch?v=sJEDfAbuutA,https://i.ytimg.com/vi/sJEDfAbuutA/maxresdefault.jpg,,3500,"Thumbnail média; não há figura humana clara em destaque; paleta predominante: rosa, preto; texto visível: lite wT HOUR POWERFUL MOTIVATION / ABOVE mo :.",,
Above Inspiration,10,START EACH DAY WITH GOD | Listen Every Day - Morning Inspiration to Motivate Your Day,6606882,20180225,167177,N/D,04:56,https://www.youtube.com/watch?v=PgR6cJbXqqw,https://i.ytimg.com/vi_webp/PgR6cJbXqqw/maxresdefault.webp,,2800,"Thumbnail média; não há figura humana clara em destaque; paleta predominante: marrom, preto, branco; texto visível: START YOUR / DAY WITH / GOD.",,
Above Inspiration,11,TRUST GOD’S TIMING | God Is In Control - Inspirational & Motivational Video,5623315,20201123,153734,N/D,15:40,https://www.youtube.com/watch?v=TNIYnbj5edw,https://i.ytimg.com/vi/TNIYnbj5edw/maxresdefault.jpg,,4600,"Thumbnail clara; não há figura humana clara em destaque; paleta predominante: branco, cinza, preto; texto em destaque provavelmente ligado a: TRUST / TIMING.",,
Above Inspiration,12,GIVE IT TO GOD | Stop Worrying & Trust God - Inspirational & Motivational Video,5498156,20200309,130647,N/D,10:48,https://www.youtube.com/watch?v=FZimOSrRJN0,https://i.ytimg.com/vi/FZimOSrRJN0/maxresdefault.jpg,,4000,"Thumbnail média; não há figura humana clara em destaque; paleta predominante: branco, preto, cinza; texto em destaque provavelmente ligado a: GIVE / STOP / WORRYING / TRUST.",,
Above Inspiration,13,WAKE UP WITH GOD | Listen To This Before Your Day! - Morning Inspiration to Start Your Day,4904301,20190717,99891,N/D,10:11,https://www.youtube.com/watch?v=jgP3uiZYUSU,https://i.ytimg.com/vi_webp/jgP3uiZYUSU/maxresdefault.webp,,2200,"Thumbnail média; não há figura humana clara em destaque; paleta predominante: cinza, marrom, amarelo; texto em destaque provavelmente ligado a: WAKE / INSPIRATION.",,
Above Inspiration,14,PUT GOD FIRST - Inspirational & Motivational Video,4720969,20181231,96224,N/D,11:34,https://www.youtube.com/watch?v=zhlznkLp_gw,https://i.ytimg.com/vi_webp/zhlznkLp_gw/maxresdefault.webp,,2700,"Thumbnail média; há figura humana/rosto em destaque; paleta predominante: branco, preto, cinza; texto em destaque provavelmente ligado a: INSPIRATIONAL / MOTIVATIONAL.",,
Above Inspiration,15,WAKE UP AND START YOUR DAY WITH GOD | Listen To This Every Day - Morning Inspiration,4661721,20200129,120173,N/D,10:23,https://www.youtube.com/watch?v=zJt0e8FRBwM,https://i.ytimg.com/vi_webp/zJt0e8FRBwM/maxresdefault.webp,,2000,"Thumbnail clara; não há figura humana clara em destaque; paleta predominante: branco, laranja, preto; texto visível: MORNING INSPIRATION.",,
Above Inspiration,16,SPEND TIME WITH GOD EVERY DAY! | Listen To This Every Morning,4428095,20190826,101231,N/D,10:22,https://www.youtube.com/watch?v=xusH299VCpI,https://i.ytimg.com/vi_webp/xusH299VCpI/maxresdefault.webp,,1900,"Thumbnail média; não há figura humana clara em destaque; paleta predominante: cinza, rosa, marrom; texto visível: LISTEN TO THIS / EVERY MORNING.",,
Above Inspiration,17,Billy Graham | One of the MOST POWERFUL Videos You’ll Ever Watch - Inspirational Video,4318219,20190627,123375,N/D,04:49,https://www.youtube.com/watch?v=zHPaFDRZMUo,https://i.ytimg.com/vi_webp/zHPaFDRZMUo/maxresdefault.webp,,3000,"Thumbnail escura; há figura humana/rosto em destaque; paleta predominante: preto, marrom, cinza; texto visível: YOU MUST HEM THIS.",,
Above Inspiration,18,SPIRITUAL WARFARE | Put on the Armor of God - Inspirational & Motivational Video,4145787,20190502,98148,N/D,10:04,https://www.youtube.com/watch?v=AtuTytgyqvo,https://i.ytimg.com/vi_webp/AtuTytgyqvo/maxresdefault.webp,,3700,"Thumbnail média; não há figura humana clara em destaque; paleta predominante: cinza, preto, branco; texto visível: r THE LORD IS WITH YOU LIKE / A MIGHTY WARRIOR.",,
Above Inspiration,19,MORNING ENCOURAGEMENT | Start Your Day With God’s Blessings - 1 Hour Morning Inspiration to Motivate,4084219,20210315,57691,N/D,01:00:21,https://www.youtube.com/watch?v=H7OV_d6MNb8,https://i.ytimg.com/vi/H7OV_d6MNb8/maxresdefault.jpg,,2000,"Thumbnail média; não há figura humana clara em destaque; paleta predominante: branco, preto, cinza; texto em destaque provavelmente ligado a: ENCOURAGEMENT / INSPIRATION.",,
Above Inspiration,20,TRUST THAT GOD IS IN CONTROL | 1 Hour Powerful Christian Motivation - Inspirational & Motivational,3909656,20211229,61024,N/D,01:00:05,https://www.youtube.com/watch?v=ydZAcANvrkY,https://i.ytimg.com/vi/ydZAcANvrkY/maxresdefault.jpg,,2600,"Thumbnail média; há figura humana/rosto em destaque; paleta predominante: cinza, branco, preto; texto visível: q ae / 1 HOUR GE é ty / POWERFUL esi Stee Sy eB.",,
Above Inspiration,21,DO NOT FEAR | God is in Control - Inspirational & Motivational Video,3584762,20190416,78109,N/D,10:36,https://www.youtube.com/watch?v=FwWPL8iPB64,https://i.ytimg.com/vi_webp/FwWPL8iPB64/maxresdefault.webp,,2500,"Thumbnail média; não há figura humana clara em destaque; paleta predominante: branco, preto, cinza; texto visível: GOD IS IN CONTROL / Se a ae / ABOVE :.",,
Above Inspiration,22,TRUST GOD - Inspirational & Motivational Video,3550506,20180302,85348,N/D,05:51,https://www.youtube.com/watch?v=WK1eRHhS0D0,https://i.ytimg.com/vi_webp/WK1eRHhS0D0/maxresdefault.webp,,2600,"Thumbnail escura; há figura humana/rosto em destaque; paleta predominante: preto, marrom, cinza; texto visível: TRUST GOD / EVEN WHEN LIFE DOESN'T / eovtnmen WAKE SENSE.",,
Above Inspiration,23,START YOUR DAY WITH GOD | 5 Minutes to Start Your Day - Morning Inspiration to Motivate Your Day,3517810,20180124,79765,N/D,05:13,https://www.youtube.com/watch?v=-JB8so2U44Q,https://i.ytimg.com/vi_webp/-JB8so2U44Q/maxresdefault.webp,,1400,"Thumbnail média; não há figura humana clara em destaque; paleta predominante: preto, cinza, branco; texto visível: 5 MINUTES TO / START YOUR / DAY RIGHT.",,
Above Inspiration,24,TRUST GOD | 1 Hour Powerful Christian Motivation - Inspirational & Motivational Video,3456323,20210712,46728,N/D,01:00:01,https://www.youtube.com/watch?v=0VI57viMdps,https://i.ytimg.com/vi_webp/0VI57viMdps/maxresdefault.webp,,2000,"Thumbnail média; não há figura humana clara em destaque; paleta predominante: branco, cinza, preto; texto visível: V8 1 HOUR POWERFUL / / iB i MOTIVATION.",,
Above Inspiration,25,KEEP BELIEVING | God is in Control  - Morning Inspiration to Motivate Your Day,3342086,20180821,75196,N/D,06:26,https://www.youtube.com/watch?v=JPx1c5HWScQ,https://i.ytimg.com/vi_webp/JPx1c5HWScQ/maxresdefault.webp,,1800,"Thumbnail clara; não há figura humana clara em destaque; paleta predominante: branco, preto, cinza; texto visível: BELIEVE / s 37 MORNING INSPIRATION.",,
Above Inspiration,26,Every Morning Seek God’s Direction | Listen To This Before You Start Your Day - Morning Inspiration,3244025,20180416,74591,N/D,06:01,https://www.youtube.com/watch?v=-Tgm1KJDP9k,https://i.ytimg.com/vi_webp/-Tgm1KJDP9k/maxresdefault.webp,,1100,"Thumbnail clara; há figura humana/rosto em destaque; paleta predominante: branco, cinza, marrom; texto visível: EVERY r s Sn / MORNING iS / SEEK A.",,
Above Inspiration,27,GOD HAS A PLAN FOR YOU | Chadwick Boseman - Inspirational & Motivational Speech,3114136,20201002,142861,N/D,02:25,https://www.youtube.com/watch?v=DoA-a-g2o4g,https://i.ytimg.com/vi_webp/DoA-a-g2o4g/maxresdefault.webp,,1600,"Thumbnail média; não há figura humana clara em destaque; paleta predominante: cinza, preto, branco; texto em destaque provavelmente ligado a: PLAN / CHADWICK / BOSEMAN / INSPIRATIONAL.",,
Above Inspiration,28,PUT GOD FIRST EVERYDAY - Morning Inspiration to Motivate Your Day,3094652,20190423,75111,N/D,05:23,https://www.youtube.com/watch?v=0a8eeH3oYmQ,https://i.ytimg.com/vi_webp/0a8eeH3oYmQ/maxresdefault.webp,,1300,"Thumbnail média; não há figura humana clara em destaque; paleta predominante: amarelo, cinza, preto; texto visível: 5 MINUTES / TO START YOUR DAY / RIGHT.",,
Above Inspiration,29,TRUST IN GOD | Peace in the Storm - Morning Inspiration to Motivate Your Day,2955471,20190401,76596,N/D,10:21,https://www.youtube.com/watch?v=2_vPRfVMPE8,https://i.ytimg.com/vi_webp/2_vPRfVMPE8/maxresdefault.webp,,2000,"Thumbnail clara; não há figura humana clara em destaque; paleta predominante: branco, marrom, rosa; texto em destaque provavelmente ligado a: TRUST / INSPIRATION.",,
Above Inspiration,30,GOD’S PLAN FOR YOU | Understanding Your Purpose - Inspirational & Motivational Video,2895277,20190409,81240,N/D,10:02,https://www.youtube.com/watch?v=8fcLxYLJdCI,https://i.ytimg.com/vi_webp/8fcLxYLJdCI/maxresdefault.webp,,1700,"Thumbnail clara; não há figura humana clara em destaque; paleta predominante: branco, cinza, preto; texto visível: GOD'S PLAN / FOR YOUR LIFE.",,
Lion of Judah (ref. atual: ELEVATE),1,God Is With You: Stop Overthinking While You Wait | Christian Motivation,125218,20251218,7464,N/D,11:17,https://www.youtube.com/watch?v=BoVA41KIMFA,https://i.ytimg.com/vi/BoVA41KIMFA/maxresdefault.jpg,,1700,"Thumbnail média; não há figura humana clara em destaque; paleta predominante: branco, preto, marrom; texto em destaque provavelmente ligado a: STOP / OVERTHINKING / WHILE / WAIT.",,
Lion of Judah (ref. atual: ELEVATE),2,"Trust His Timing, God Knows the End from the Beginning | Christian Motivation",91561,20250624,4987,N/D,13:34,https://www.youtube.com/watch?v=Y2z4bQBpp8M,https://i.ytimg.com/vi/Y2z4bQBpp8M/maxresdefault.jpg,,1200,"Thumbnail média; não há figura humana clara em destaque; paleta predominante: branco, cinza, preto; texto visível: MOTIVATIONS an - vob Aone.",,
Lion of Judah (ref. atual: ELEVATE),3,God Wants You to Stop Overthinking and Trust in His Plan | Christian Motivation,87602,20241228,3738,N/D,12:12,https://www.youtube.com/watch?v=BzVo-Od_KEk,https://i.ytimg.com/vi/BzVo-Od_KEk/maxresdefault.jpg,,389,"Thumbnail média; não há figura humana clara em destaque; paleta predominante: marrom, preto, branco; texto em destaque provavelmente ligado a: STOP / OVERTHINKING / TRUST / PLAN.",,
Lion of Judah (ref. atual: ELEVATE),4,Learning to Let Go and Trust God: Do Not Let Anxiety Win | Christian Motivation,68171,20251105,3297,N/D,10:52,https://www.youtube.com/watch?v=2Qun4ugzJpM,https://i.ytimg.com/vi/2Qun4ugzJpM/maxresdefault.jpg,,856,"Thumbnail média; não há figura humana clara em destaque; paleta predominante: cinza, branco, preto; texto em destaque provavelmente ligado a: TRUST / ANXIETY.",,
Lion of Judah (ref. atual: ELEVATE),5,God Leads You to Be Still | Christian Motivation,44258,20250829,3004,N/D,09:57,https://www.youtube.com/watch?v=AUJHWMbuP38,https://i.ytimg.com/vi/AUJHWMbuP38/maxresdefault.jpg,,615,"Thumbnail média; não há figura humana clara em destaque; paleta predominante: branco, preto, cinza; texto visível: eC U1 ee / ELEVATE a / MOTIVATIONS.",,
Lion of Judah (ref. atual: ELEVATE),6,God Already Knows - Stop Figuring It Out | Christian Motivation,22809,20251024,1437,N/D,12:17,https://www.youtube.com/watch?v=CyY6NLunNN8,https://i.ytimg.com/vi_webp/CyY6NLunNN8/maxresdefault.webp,,264,"Thumbnail média; há figura humana/rosto em destaque; paleta predominante: preto, branco, cinza; texto visível: GODHASAPLAN / STOP TRYING TO FIGURE IT ALL OUT i :.",,
Lion of Judah (ref. atual: ELEVATE),7,God Is In Control: Stop Overthinking | Christian Motivation,22490,20251122,1544,N/D,12:19,https://www.youtube.com/watch?v=yzcuWJYIbjI,https://i.ytimg.com/vi/yzcuWJYIbjI/maxresdefault.jpg,,359,"Thumbnail média; não há figura humana clara em destaque; paleta predominante: branco, cinza, preto; texto em destaque provavelmente ligado a: CONTROL / STOP / OVERTHINKING / MOTIVATION.",,
Lion of Judah (ref. atual: ELEVATE),8,God Shapes You When Life Shakes You | Christian Motivation,21604,20250627,1104,N/D,14:11,https://www.youtube.com/watch?v=MkGwsOVZ9L8,https://i.ytimg.com/vi/MkGwsOVZ9L8/maxresdefault.jpg,,420,"Thumbnail média; não há figura humana clara em destaque; paleta predominante: marrom, preto, rosa; texto em destaque provavelmente ligado a: SHAPES / WHEN / LIFE / SHAKES.",,
Lion of Judah (ref. atual: ELEVATE),9,"Your Past Is Over, God Is Making All Things New | Christian Motivation",21534,20250714,1524,N/D,10:32,https://www.youtube.com/watch?v=5tMB3U-G7Dw,https://i.ytimg.com/vi/5tMB3U-G7Dw/maxresdefault.jpg,,371,"Thumbnail média; não há figura humana clara em destaque; paleta predominante: marrom, cinza, branco; texto em destaque provavelmente ligado a: MAKING / PAST / OVER.",,
Lion of Judah (ref. atual: ELEVATE),10,God's Presence in Anxiety: Finding Him When Your Mind Won't Rest | Christian Motivation,21385,20251022,1440,N/D,13:33,https://www.youtube.com/watch?v=kvoBbmtBI8Y,https://i.ytimg.com/vi/kvoBbmtBI8Y/maxresdefault.jpg,,504,"Thumbnail média; não há figura humana clara em destaque; paleta predominante: preto, branco, cinza; texto em destaque provavelmente ligado a: GOD'S / PRESENCE / FINDING / WHEN.",,
Lion of Judah (ref. atual: ELEVATE),11,God's in Control: Trust and Leave It In His Hands | Christian Motivation,19639,20251002,1377,N/D,11:59,https://www.youtube.com/watch?v=kEgoaAEseDs,https://i.ytimg.com/vi/kEgoaAEseDs/maxresdefault.jpg,,584,"Thumbnail média; não há figura humana clara em destaque; paleta predominante: preto, cinza, branco; texto visível: ee eee logs es ie / er a Ee OR DOS a GE ares / OEE E OT Se pe Lo mf :.",,
Lion of Judah (ref. atual: ELEVATE),12,"Let Go and Let God, The Freedom of Surrender | Christian Motivation",17175,20250711,1037,N/D,12:36,https://www.youtube.com/watch?v=cBJQZX2dgYM,https://i.ytimg.com/vi/cBJQZX2dgYM/maxresdefault.jpg,,321,"Thumbnail média; não há figura humana clara em destaque; paleta predominante: preto, rosa, branco; texto em destaque provavelmente ligado a: FREEDOM / SURRENDER.",,
Lion of Judah (ref. atual: ELEVATE),13,"TRUST God, He Will Make the Impossible Possible | Christian Motivation",16653,20260104,1147,N/D,13:12,https://www.youtube.com/watch?v=-XSuR9yE82A,https://i.ytimg.com/vi/-XSuR9yE82A/maxresdefault.jpg,,476,"Thumbnail média; há figura humana/rosto em destaque; paleta predominante: preto, rosa, cinza; texto em destaque provavelmente ligado a: MAKE / IMPOSSIBLE.",,
Lion of Judah (ref. atual: ELEVATE),14,God Is In Control - Stop Overthinking and Start Trusting | Christian Motivation,16430,20250909,1053,N/D,10:07,https://www.youtube.com/watch?v=MwyCjpxjDaw,https://i.ytimg.com/vi/MwyCjpxjDaw/maxresdefault.jpg,,310,"Thumbnail escura; não há figura humana clara em destaque; paleta predominante: preto, cinza, branco; texto em destaque provavelmente ligado a: CONTROL / STOP.",,
Lion of Judah (ref. atual: ELEVATE),15,Don't Give Up | Trust God Through Trials - Christian Motivation,15883,20240929,693,N/D,16:03,https://www.youtube.com/watch?v=Zy0-y5-pwRk,https://i.ytimg.com/vi/Zy0-y5-pwRk/maxresdefault.jpg,,62,"Thumbnail média; há figura humana/rosto em destaque; paleta predominante: branco, preto, marrom; texto em destaque provavelmente ligado a: GIVE / TRUST / THROUGH / TRIALS.",,
Lion of Judah (ref. atual: ELEVATE),16,God Makes the Impossible Possible | Christian Motivation,14848,20250912,908,N/D,12:23,https://www.youtube.com/watch?v=7K40_8lZKBU,https://i.ytimg.com/vi/7K40_8lZKBU/maxresdefault.jpg,,314,"Thumbnail média; não há figura humana clara em destaque; paleta predominante: preto, branco, marrom; texto em destaque provavelmente ligado a: MAKES / IMPOSSIBLE / POSSIBLE.",,
Lion of Judah (ref. atual: ELEVATE),17,God Will Do the Impossible: Stop Overthinking and Wait on Him | Christian Motivation,14079,20260117,1205,N/D,12:26,https://www.youtube.com/watch?v=TeH8pzxf-J4,https://i.ytimg.com/vi/TeH8pzxf-J4/maxresdefault.jpg,,442,"Thumbnail média; não há figura humana clara em destaque; paleta predominante: preto, cinza, branco; texto em destaque provavelmente ligado a: IMPOSSIBLE / STOP / OVERTHINKING / WAIT.",,
Lion of Judah (ref. atual: ELEVATE),18,God's Strength Shows Up Best in Your Weakness | Christian Motivation,13593,20250620,750,N/D,15:49,https://www.youtube.com/watch?v=-A759YvrMyY,https://i.ytimg.com/vi/-A759YvrMyY/maxresdefault.jpg,,142,"Thumbnail média; não há figura humana clara em destaque; paleta predominante: marrom, cinza, branco; texto visível: GOD'S STRENGIR 83 / IN YOUR WEAKNE l / ELEVATE 4 x :.",,
Lion of Judah (ref. atual: ELEVATE),19,God's Perfect Timing: Why the Wait Is Worth It | Christian Motivation,13207,20260215,1184,N/D,09:41,https://www.youtube.com/watch?v=E9_r15kRaWQ,https://i.ytimg.com/vi_webp/E9_r15kRaWQ/maxresdefault.webp,,319,"Thumbnail média; não há figura humana clara em destaque; paleta predominante: preto, cinza, branco; texto visível: GOD'S / PERFEC Ie.",,
Lion of Judah (ref. atual: ELEVATE),20,"You Don’t Need to Be Strong, Let God Be Your Strength | Christian Motivation",13155,20250608,780,N/D,14:28,https://www.youtube.com/watch?v=C8Qp-qfzX58,https://i.ytimg.com/vi/C8Qp-qfzX58/maxresdefault.jpg,,265,"Thumbnail média; não há figura humana clara em destaque; paleta predominante: cinza, branco, preto; texto em destaque provavelmente ligado a: NEED / STRONG / STRENGTH.",,
Lion of Judah (ref. atual: ELEVATE),21,"Be Still, Be Quiet and Trust God | Christian Motivation",12743,20260214,1196,N/D,13:54,https://www.youtube.com/watch?v=Uo_rIgyse_o,https://i.ytimg.com/vi_webp/Uo_rIgyse_o/maxresdefault.webp,,328,"Thumbnail média; não há figura humana clara em destaque; paleta predominante: preto, cinza, branco; texto visível: ELEVATE ar / MOTIVATIONS.",,
Lion of Judah (ref. atual: ELEVATE),22,God's Strength Will Carry You | Christian Motivation,12499,20250704,839,N/D,13:11,https://www.youtube.com/watch?v=ggeY2ieac7Q,https://i.ytimg.com/vi_webp/ggeY2ieac7Q/maxresdefault.webp,,182,"Thumbnail média; não há figura humana clara em destaque; paleta predominante: preto, branco, laranja; texto em destaque provavelmente ligado a: GOD'S / STRENGTH.",,
Lion of Judah (ref. atual: ELEVATE),23,God is Providing in Ways You Don't Expect | Christian Motivation,12329,20241215,742,N/D,13:22,https://www.youtube.com/watch?v=4rBiFRGeh04,https://i.ytimg.com/vi/4rBiFRGeh04/maxresdefault.jpg,,83,"Thumbnail média; não há figura humana clara em destaque; paleta predominante: amarelo, preto, branco; texto em destaque provavelmente ligado a: PROVIDING / WAYS / DON'T / EXPECT.",,
Lion of Judah (ref. atual: ELEVATE),24,Nothing Is Too Lost for God to Restore | Christian Motivation,12259,20251009,883,N/D,14:11,https://www.youtube.com/watch?v=-OBv84K7KE8,https://i.ytimg.com/vi/-OBv84K7KE8/maxresdefault.jpg,,236,"Thumbnail média; há figura humana/rosto em destaque; paleta predominante: cinza, preto, rosa; texto em destaque provavelmente ligado a: NOTHING / LOST / RESTORE / MOTIVATION.",,
Lion of Judah (ref. atual: ELEVATE),25,The Key to Multiplication of God's Favor | Christian Motivation,11818,20250725,702,N/D,17:15,https://www.youtube.com/watch?v=6ljWrCExTUE,https://i.ytimg.com/vi_webp/6ljWrCExTUE/maxresdefault.webp,,90,"Thumbnail média; não há figura humana clara em destaque; paleta predominante: branco, cinza, preto; texto em destaque provavelmente ligado a: GOD'S / FAVOR.",,
Lion of Judah (ref. atual: ELEVATE),26,GOD WILL FILL YOUR EMPTINESS | Christian Motivation,11747,20250618,627,N/D,15:59,https://www.youtube.com/watch?v=KGDXJ_weCVA,https://i.ytimg.com/vi/KGDXJ_weCVA/maxresdefault.jpg,,65,"Thumbnail média; não há figura humana clara em destaque; paleta predominante: rosa, preto, cinza; texto em destaque provavelmente ligado a: FILL / EMPTINESS / MOTIVATION.",,
Lion of Judah (ref. atual: ELEVATE),27,"When You Feel Down and Weary, God Is by Your Side | Christian Motivation",11733,20251222,939,N/D,12:08,https://www.youtube.com/watch?v=dPlxxbeZVtU,https://i.ytimg.com/vi_webp/dPlxxbeZVtU/maxresdefault.webp,,313,"Thumbnail escura; há figura humana/rosto em destaque; paleta predominante: preto, verde, branco; texto em destaque provavelmente ligado a: WHEN / FEEL / DOWN / WEARY.",,
Lion of Judah (ref. atual: ELEVATE),28,Stop Overthinking   Find Peace in God’s Clarity | Christian Motivation,11609,20251023,829,N/D,12:20,https://www.youtube.com/watch?v=A2eVBkpVbkk,https://i.ytimg.com/vi/A2eVBkpVbkk/maxresdefault.jpg,,200,"Thumbnail média; não há figura humana clara em destaque; paleta predominante: rosa, cinza, preto; texto em destaque provavelmente ligado a: FIND / PEACE / CLARITY.",,
Lion of Judah (ref. atual: ELEVATE),29,God Is Faithful And He Is Leading You Into Better Days | Christian Motivation,11487,20251229,1022,N/D,13:01,https://www.youtube.com/watch?v=IA_I68S-uDI,https://i.ytimg.com/vi/IA_I68S-uDI/maxresdefault.jpg,,293,"Thumbnail clara; não há figura humana clara em destaque; paleta predominante: branco, cinza, preto; texto em destaque provavelmente ligado a: LEADING / INTO / BETTER.",,
Lion of Judah (ref. atual: ELEVATE),30,The Beauty in Surrendering: Letting God Take Control | Christian Motivation,11288,20251026,793,N/D,10:17,https://www.youtube.com/watch?v=iW3itYWnRWA,https://i.ytimg.com/vi/iW3itYWnRWA/maxresdefault.jpg,,204,"Thumbnail média; não há figura humana clara em destaque; paleta predominante: marrom, preto, branco; texto em destaque provavelmente ligado a: BEAUTY / SURRENDERING / LETTING / TAKE.",,
Grace Digital Network,1,"Before the Second Coming of Christ, These 4 Signs Will Take Place",7956708,20210524,127574,N/D,15:34,https://www.youtube.com/watch?v=INNbz1PMHRk,https://i.ytimg.com/vi_webp/INNbz1PMHRk/maxresdefault.webp,,19000,"Thumbnail média; não há figura humana clara em destaque; paleta predominante: preto, azul, rosa; texto em destaque provavelmente ligado a: SECOND / COMING / CHRIST / THESE.",,
Grace Digital Network,2,THE THREE HEAVENS - Why Is No One Talking About It - Angels and Lucifer,5712812,20210227,56991,N/D,20:36,https://www.youtube.com/watch?v=s8kDg2G0VDg,https://i.ytimg.com/vi/s8kDg2G0VDg/maxresdefault.jpg,,4800,"Thumbnail média; não há figura humana clara em destaque; paleta predominante: verde, preto, rosa; texto em destaque provavelmente ligado a: THREE / HEAVENS / TALKING / ABOUT.",,
Grace Digital Network,3,Archangel Michael: The Strongest Angel (Biblical Stories Explained),5458075,20210618,70861,N/D,16:42,https://www.youtube.com/watch?v=HrA-pr0nors,https://i.ytimg.com/vi/HrA-pr0nors/maxresdefault.jpg,,7000,"Thumbnail escura; não há figura humana clara em destaque; paleta predominante: preto, marrom, rosa; texto em destaque provavelmente ligado a: ARCHANGEL / MICHAEL / STRONGEST / ANGEL.",,
Grace Digital Network,4,The Three Men In The Bible That Never Died.,3945439,20221123,36695,N/D,18:40,https://www.youtube.com/watch?v=OJzoPAuKLmc,https://i.ytimg.com/vi_webp/OJzoPAuKLmc/maxresdefault.webp,,3800,"Thumbnail média; há figura humana/rosto em destaque; paleta predominante: preto, marrom, laranja; texto visível: Ares BY - MOEA i / Rae Mii hy.",,
Grace Digital Network,5,40 Facts About Jesus That Many People Don't Know,3726258,20221016,37936,N/D,41:59:00,https://www.youtube.com/watch?v=g7lDEqey1YY,https://i.ytimg.com/vi/g7lDEqey1YY/maxresdefault.jpg,,5100,"Thumbnail média; não há figura humana clara em destaque; paleta predominante: preto, marrom, rosa; texto em destaque provavelmente ligado a: FACTS / ABOUT / JESUS / MANY.",,
Grace Digital Network,6,The Most Mysterious Angel In The Bible,3284077,20230519,41123,N/D,35:12:00,https://www.youtube.com/watch?v=iAlCMP4EHFQ,https://i.ytimg.com/vi/iAlCMP4EHFQ/maxresdefault.jpg,,2700,"Thumbnail média; não há figura humana clara em destaque; paleta predominante: preto, cinza, branco; texto em destaque provavelmente ligado a: MOST / MYSTERIOUS / ANGEL / BIBLE.",,
Grace Digital Network,7,4 Facts Jesus Shared About Satan That Many Don't Know,3150518,20221011,34166,N/D,23:17,https://www.youtube.com/watch?v=hvp60-RDyAQ,https://i.ytimg.com/vi/hvp60-RDyAQ/maxresdefault.jpg,,3500,"Thumbnail escura; não há figura humana clara em destaque; paleta predominante: preto, marrom, cinza; texto em destaque provavelmente ligado a: FACTS / JESUS / SHARED / ABOUT.",,
Grace Digital Network,8,THE BOOK OF DANIEL (THE MOVIE),3121983,20240923,29692,N/D,01:09:15,https://www.youtube.com/watch?v=Pia_lxRQU4o,https://i.ytimg.com/vi/Pia_lxRQU4o/maxresdefault.jpg,,836,"Thumbnail média; há figura humana/rosto em destaque; paleta predominante: rosa, preto, cinza; texto em destaque provavelmente ligado a: BOOK / DANIEL / MOVIE.",,
Grace Digital Network,9,Why You Should Fast | Understanding The True Power Of Fasting,3107431,20210325,55515,N/D,23:21,https://www.youtube.com/watch?v=q5WUAzOiw5Y,https://i.ytimg.com/vi/q5WUAzOiw5Y/maxresdefault.jpg,,2400,"Thumbnail escura; não há figura humana clara em destaque; paleta predominante: preto, marrom, branco; texto em destaque provavelmente ligado a: SHOULD / FAST / UNDERSTANDING / TRUE.",,
Grace Digital Network,10,"This Is Why Everyone Is Googling ""The Nephilim""",2965470,20230423,35002,N/D,57:25:00,https://www.youtube.com/watch?v=JkXxbqUmIhk,https://i.ytimg.com/vi_webp/JkXxbqUmIhk/maxresdefault.webp,,2500,"Thumbnail média; não há figura humana clara em destaque; paleta predominante: azul-petróleo, preto, cinza; texto em destaque provavelmente ligado a: EVERYONE / GOOGLING / NEPHILIM.",,
Grace Digital Network,11,"185,000 Soldiers Could Not Defeat This Angel - One Of The Greatest Stories In The BIble",2923856,20211108,31200,N/D,25:09:00,https://www.youtube.com/watch?v=6mTJoeT9ASo,https://i.ytimg.com/vi_webp/6mTJoeT9ASo/maxresdefault.webp,,2500,"Thumbnail média; não há figura humana clara em destaque; paleta predominante: marrom, preto, rosa; texto em destaque provavelmente ligado a: SOLDIERS / COULD / DEFEAT / ANGEL.",,
Grace Digital Network,12,"Before the Second Coming of Christ, These 4 Signs Will Take Place",2883241,20230409,39080,N/D,15:34,https://www.youtube.com/watch?v=zKrP8UupO3I,https://i.ytimg.com/vi_webp/zKrP8UupO3I/maxresdefault.webp,,4100,"Thumbnail média; há figura humana/rosto em destaque; paleta predominante: preto, cinza, branco; texto em destaque provavelmente ligado a: SECOND / COMING / CHRIST / THESE.",,
Grace Digital Network,13,The Three Most Evil Queens In The Bible (She Executed Her Own Family),2820390,20221106,17998,N/D,26:41:00,https://www.youtube.com/watch?v=Gl9pUl5hG_c,https://i.ytimg.com/vi/Gl9pUl5hG_c/maxresdefault.jpg,,894,"Thumbnail média; há figura humana/rosto em destaque; paleta predominante: preto, marrom, rosa; texto em destaque provavelmente ligado a: THREE / MOST / EVIL / QUEENS.",,
Grace Digital Network,14,The Man Who Fought With God - One Of The Greatest Stories In The BIble,2696842,20211122,34884,N/D,35:34:00,https://www.youtube.com/watch?v=bBlLxXSDBUs,https://i.ytimg.com/vi/bBlLxXSDBUs/maxresdefault.jpg,,2200,"Thumbnail média; não há figura humana clara em destaque; paleta predominante: preto, marrom, rosa; texto em destaque provavelmente ligado a: FOUGHT / GREATEST / STORIES / BIBLE.",,
Grace Digital Network,15,God Did This To Fallen Angels : TRUE STORY of Angels,2624776,20230415,25926,N/D,15:46,https://www.youtube.com/watch?v=q5Kfv1l5zJ8,https://i.ytimg.com/vi_webp/q5Kfv1l5zJ8/maxresdefault.webp,,2100,"Thumbnail média; há figura humana/rosto em destaque; paleta predominante: preto, marrom, amarelo; texto em destaque provavelmente ligado a: FALLEN / ANGELS / TRUE / STORY.",,
Grace Digital Network,16,Why Fasting Attracts God: 2 Things That You Must Never Do In A Fast,2515530,20220117,40214,N/D,21:52,https://www.youtube.com/watch?v=MfbXkRCaSbg,https://i.ytimg.com/vi/MfbXkRCaSbg/sddefault.jpg?v=61e581b1,,2200,"Thumbnail escura; não há figura humana clara em destaque; paleta predominante: preto, marrom, azul-petróleo; texto em destaque provavelmente ligado a: FASTING / ATTRACTS / THINGS / MUST.",,
Grace Digital Network,17,Samson: The Strongest Man In The Bible (Bible Stories Explained),2359309,20210815,28156,N/D,25:56:00,https://www.youtube.com/watch?v=WMRqOfCeWhw,https://i.ytimg.com/vi/WMRqOfCeWhw/maxresdefault.jpg,,2300,"Thumbnail média; não há figura humana clara em destaque; paleta predominante: preto, cinza, rosa; texto em destaque provavelmente ligado a: SAMSON / STRONGEST / BIBLE / STORIES.",,
Grace Digital Network,18,Why Moses Body Was Not Found (Biblical Stories Explained),2189426,20220514,19877,N/D,24:10:00,https://www.youtube.com/watch?v=H6pMNF9grU4,https://i.ytimg.com/vi/H6pMNF9grU4/maxresdefault.jpg,,2100,"Thumbnail média; não há figura humana clara em destaque; paleta predominante: laranja, marrom, branco; texto em destaque provavelmente ligado a: MOSES / BODY / FOUND / BIBLICAL.",,
Grace Digital Network,19,Where Did Satan's First Evil Desire Come From. (Bible Truths Explained),2181852,20221018,24943,N/D,29:31:00,https://www.youtube.com/watch?v=21UFnicaYk8,https://i.ytimg.com/vi/21UFnicaYk8/maxresdefault.jpg,,3100,"Thumbnail média; há figura humana/rosto em destaque; paleta predominante: preto, cinza; texto em destaque provavelmente ligado a: WHERE / SATAN'S / EVIL / DESIRE.",,
Grace Digital Network,20,Jesus Explained Who He Was Before The Creation Of The World.,2159942,20230720,28445,N/D,21:33,https://www.youtube.com/watch?v=pAG7OWZ_G1c,https://i.ytimg.com/vi/pAG7OWZ_G1c/maxresdefault.jpg,,3100,"Thumbnail média; há figura humana/rosto em destaque; paleta predominante: laranja, marrom, rosa; texto visível: bell f : a wy / NNSA / b a oe os.",,
Grace Digital Network,21,This Is Why The Demons Asked Jesus For The Pigs (Biblical Stories Explained),2122386,20221020,24753,N/D,15:33,https://www.youtube.com/watch?v=9FOsUOrO41Y,https://i.ytimg.com/vi/9FOsUOrO41Y/maxresdefault.jpg,,3200,"Thumbnail média; há figura humana/rosto em destaque; paleta predominante: preto, marrom, rosa; texto em destaque provavelmente ligado a: DEMONS / ASKED / JESUS / PIGS.",,
Grace Digital Network,22,Ezekiel And  The Valley of Dry Bones - (Bible Stories Explained),2017010,20220622,20447,N/D,14:01,https://www.youtube.com/watch?v=P0rAhsUs3zE,https://i.ytimg.com/vi/P0rAhsUs3zE/maxresdefault.jpg,,753,"Thumbnail média; há figura humana/rosto em destaque; paleta predominante: azul-petróleo, preto, rosa; texto em destaque provavelmente ligado a: EZEKIEL / VALLEY / BONES / BIBLE.",,
Grace Digital Network,23,The Secret Of Elijah That Every Believer Should Know - POWERFUL VIDEO,2009190,20211207,18567,N/D,17:58,https://www.youtube.com/watch?v=kzKxgekzsnA,https://i.ytimg.com/vi_webp/kzKxgekzsnA/maxresdefault.webp,,817,"Thumbnail média; não há figura humana clara em destaque; paleta predominante: cinza, preto, rosa; texto em destaque provavelmente ligado a: SECRET / ELIJAH / BELIEVER / SHOULD.",,
Grace Digital Network,24,When Jesus Saw Moses And Elijah (Biblical Stories Explained),2006180,20220525,17665,N/D,20:14,https://www.youtube.com/watch?v=kjdgT-E0eE8,https://i.ytimg.com/vi_webp/kjdgT-E0eE8/maxresdefault.webp,,1500,"Thumbnail média; não há figura humana clara em destaque; paleta predominante: cinza, preto, branco; texto em destaque provavelmente ligado a: WHEN / JESUS / MOSES / ELIJAH.",,
Grace Digital Network,25,What Are Gog And Magog? One Of The Most Remarkable Predictions In The Bible,1955121,20220505,16661,N/D,23:01,https://www.youtube.com/watch?v=sMi2-KaKnbk,https://i.ytimg.com/vi_webp/sMi2-KaKnbk/maxresdefault.webp,,2300,"Thumbnail escura; não há figura humana clara em destaque; paleta predominante: preto, marrom, amarelo; texto em destaque provavelmente ligado a: MAGOG / MOST / REMARKABLE / PREDICTIONS.",,
Grace Digital Network,26,Before the Flood: WHAT WAS THE WORLD LIKE BEFORE THE FLOOD,1950189,20230924,19881,N/D,32:50:00,https://www.youtube.com/watch?v=c_16SsOt0y4,https://i.ytimg.com/vi/c_16SsOt0y4/maxresdefault.jpg,,2200,"Thumbnail média; não há figura humana clara em destaque; paleta predominante: preto, branco, marrom; texto em destaque provavelmente ligado a: FLOOD / WORLD / LIKE.",,
Grace Digital Network,27,The Soldier That Saw The Last Minutes Of Jesus On The Cross (Biblical Stories Explained),1910802,20210910,31466,N/D,11:33,https://www.youtube.com/watch?v=Ogrn7_8JPA4,https://i.ytimg.com/vi/Ogrn7_8JPA4/maxresdefault.jpg,,3500,"Thumbnail média; há figura humana/rosto em destaque; paleta predominante: preto, marrom, rosa; texto em destaque provavelmente ligado a: SOLDIER / LAST / MINUTES / JESUS.",,
Grace Digital Network,28,Why You Should Fast | Understanding The Power Of Fasting,1863439,20210308,32269,N/D,11:04,https://www.youtube.com/watch?v=Dq54PWNN2z4,https://i.ytimg.com/vi/Dq54PWNN2z4/maxresdefault.jpg,,1800,"Thumbnail média; não há figura humana clara em destaque; paleta predominante: preto, marrom, branco; texto em destaque provavelmente ligado a: SHOULD / FAST / UNDERSTANDING / POWER.",,
Grace Digital Network,29,The Soldier That Saw The Last Minutes Of Jesus On The Cross.,1852089,20230101,22383,N/D,16:06,https://www.youtube.com/watch?v=LDKfXLJi1gY,https://i.ytimg.com/vi/LDKfXLJi1gY/maxresdefault.jpg,,1800,"Thumbnail média; não há figura humana clara em destaque; paleta predominante: preto, cinza, branco; texto em destaque provavelmente ligado a: SOLDIER / LAST / MINUTES / JESUS.",,
Grace Digital Network,30,"The Man That Had 1,000 wives and concubines (Biblical Stories Explained)",1785959,20211204,15215,N/D,22:13,https://www.youtube.com/watch?v=lW-YdgTnlVo,https://i.ytimg.com/vi_webp/lW-YdgTnlVo/maxresdefault.webp,,1200,"Thumbnail média; há figura humana/rosto em destaque; paleta predominante: marrom, preto, amarelo; texto em destaque provavelmente ligado a: WIVES / CONCUBINES / BIBLICAL / STORIES.",,
Encountering Peace,1,Encountering Peace Sleep To HEAL and Fall Asleep FAST | Guided Christian Sleep Meditation,649101,20221215,8090,N/D,01:00:02,https://www.youtube.com/watch?v=6gaqOcfbQFM,https://i.ytimg.com/vi/6gaqOcfbQFM/maxresdefault.jpg,,619,"Thumbnail escura; não há figura humana clara em destaque; paleta predominante: preto, marrom, branco; texto em destaque provavelmente ligado a: ENCOUNTERING / PEACE / SLEEP / HEAL.",,
Encountering Peace,2,Encountering Peace Sleep With God's DIVINE GUIDANCE | Guided Christian Sleep Meditation,376642,20221107,6139,N/D,01:00:59,https://www.youtube.com/watch?v=YXE7-tBy5LI,https://i.ytimg.com/vi/YXE7-tBy5LI/maxresdefault.jpg,,451,"Thumbnail média; não há figura humana clara em destaque; paleta predominante: preto, marrom, branco; texto em destaque provavelmente ligado a: ENCOUNTERING / PEACE / SLEEP / GOD'S.",,
Encountering Peace,3,Encountering Peace Sleep With God's WORD And His PROMISES | Guided Christian Sleep Meditation,325262,20221029,4432,N/D,01:00:28,https://www.youtube.com/watch?v=gUvGp9vvYTo,https://i.ytimg.com/vi/gUvGp9vvYTo/maxresdefault.jpg,,337,"Thumbnail escura; não há figura humana clara em destaque; paleta predominante: preto, marrom, branco; texto em destaque provavelmente ligado a: PROMISES / SLEEP.",,
Encountering Peace,4,Encounter | Stories,288535,20220119,41,N/D,01:52,https://www.youtube.com/watch?v=m9w8GIE4Wr0,https://i.ytimg.com/vi_webp/m9w8GIE4Wr0/maxresdefault.webp,,3,"Thumbnail média; não há figura humana clara em destaque; paleta predominante: rosa, cinza, azul-petróleo; texto em destaque provavelmente ligado a: ENCOUNTER / STORIES.",,
Encountering Peace,5,Encountering Peace Sleep With NO ANXIETY In The Holy Spirit | Guided Christian Sleep Meditation,55990,20230105,517,N/D,58:10:00,https://www.youtube.com/watch?v=cJ_KRNp675w,https://i.ytimg.com/vi/cJ_KRNp675w/maxresdefault.jpg,,60,"Thumbnail escura; não há figura humana clara em destaque; paleta predominante: preto, azul-petróleo, branco; texto visível: Ragease Anxiety.",,
Encountering Peace,6,😌 💤  Sleep With God's Word for Faith and Hope | Guided Christian Meditation,28457,20230930,355,N/D,08:02:46,https://www.youtube.com/watch?v=BSSAshukIuU,https://i.ytimg.com/vi/BSSAshukIuU/maxresdefault.jpg,,14,"Thumbnail média; não há figura humana clara em destaque; paleta predominante: preto, marrom, branco; texto visível: HEALING / JOURN EY.",,
Encountering Peace,7,Hear the Soothing Promises of God and Fall Asleep Fast | Guided Christian Sleep Meditation,27773,20230302,310,N/D,03:45:39,https://www.youtube.com/watch?v=xjFpKtzz8j4,https://i.ytimg.com/vi_webp/xjFpKtzz8j4/maxresdefault.webp,,11,"Thumbnail média; há figura humana/rosto em destaque; paleta predominante: cinza, preto, branco; texto em destaque provavelmente ligado a: HEAR / SOOTHING / PROMISES / FALL.",,
Encountering Peace,8,Sleep In God's Gentle Care 😴  | Guided Christian Sleep Meditation 💤. (#GreenNoise),26893,20240524,322,N/D,01:01:10,https://www.youtube.com/watch?v=eHhpakF_NYs,https://i.ytimg.com/vi/eHhpakF_NYs/maxresdefault.jpg,,19,"Thumbnail média; não há figura humana clara em destaque; paleta predominante: preto, azul-petróleo, rosa; texto visível: Release Anxiety.",,
Encountering Peace,9,Rest In The Holy Spirit Without Being Lonely | Guided Christian Sleep Meditation,17630,20230309,252,N/D,01:00:09,https://www.youtube.com/watch?v=pGyU3Jh-cGg,https://i.ytimg.com/vi_webp/pGyU3Jh-cGg/maxresdefault.webp,,13,"Thumbnail escura; há figura humana/rosto em destaque; paleta predominante: azul-petróleo, preto, branco; texto em destaque provavelmente ligado a: REST / HOLY / SPIRIT / WITHOUT.",,
Encountering Peace,10,Bible Verses To Sleep In God's Healing | Christian Guided Sleep Meditation,16703,20211230,276,N/D,01:57:49,https://www.youtube.com/watch?v=CLq95vOwIYc,https://i.ytimg.com/vi/CLq95vOwIYc/maxresdefault.jpg,,28,"Thumbnail média; não há figura humana clara em destaque; paleta predominante: preto, marrom, branco; texto em destaque provavelmente ligado a: BIBLE / VERSES / SLEEP / GOD'S.",,
Encountering Peace,11,Bible Verses To Sleep In The Whispered Words of Jesus | Christian Guided Sleep Meditation,16549,20220527,512,N/D,20:43,https://www.youtube.com/watch?v=pT4j8tYNSEA,https://i.ytimg.com/vi/pT4j8tYNSEA/maxresdefault.jpg,,38,"Thumbnail escura; não há figura humana clara em destaque; paleta predominante: preto, marrom, branco; texto visível: _ Find True.",,
Encountering Peace,12,Bible Verses To Sleep and Find Your Worth | Christian Guided Sleep Meditation,15742,20230314,84,N/D,01:01:54,https://www.youtube.com/watch?v=GMEq_KHm-UU,https://i.ytimg.com/vi/GMEq_KHm-UU/maxresdefault.jpg,,7,"Thumbnail escura; há figura humana/rosto em destaque; paleta predominante: preto, verde, rosa; texto visível: Peaceful / Sleep Music.",,
Encountering Peace,13,Struggling with Life Changes? Find Peace & Sleep Fast 😌 💤 | Guided Christian Meditation,14340,20240624,165,N/D,01:30:00,https://www.youtube.com/watch?v=Mu-VM6K_moo,https://i.ytimg.com/vi/Mu-VM6K_moo/maxresdefault.jpg,,13,"Thumbnail escura; não há figura humana clara em destaque; paleta predominante: preto, azul-petróleo, rosa; texto visível: Serer leer.",,
Encountering Peace,14,Fall Back To Sleep...Again | Guided Christian Sleep Meditation,13670,20240517,186,N/D,01:01:30,https://www.youtube.com/watch?v=bVjc1dWvM8c,https://i.ytimg.com/vi/bVjc1dWvM8c/maxresdefault.jpg,,1,"Thumbnail média; há figura humana/rosto em destaque; paleta predominante: preto, verde, branco; texto em destaque provavelmente ligado a: FALL / BACK.",,
Encountering Peace,15,Meditation For The Holy Spirit To Come! | Daily Meditation | Encountering Peace,12573,20220225,181,N/D,18:56,https://www.youtube.com/watch?v=KRsKPdf7EP8,https://i.ytimg.com/vi/KRsKPdf7EP8/maxresdefault.jpg,,19,"Thumbnail média; há figura humana/rosto em destaque; paleta predominante: preto, cinza, azul-petróleo; texto em destaque provavelmente ligado a: HOLY / SPIRIT / COME.",,
Encountering Peace,16,Breathe The Jesus Prayer | Breath Prayer | Encountering Peace,12395,20211022,262,N/D,09:22,https://www.youtube.com/watch?v=mScShRIK3ew,https://i.ytimg.com/vi_webp/mScShRIK3ew/maxresdefault.webp,,23,"Thumbnail média; há figura humana/rosto em destaque; paleta predominante: preto, branco, marrom; texto visível: The Jesus Prayer.",,
Encountering Peace,17,Sleep With God's Word To Change Your Subconscious Mind 🌙🙏💤  | Christian Guided Sleep Meditation,12267,20230526,149,N/D,08:02:01,https://www.youtube.com/watch?v=28UO9kzLKQA,https://i.ytimg.com/vi/28UO9kzLKQA/maxresdefault.jpg,,11,"Thumbnail escura; não há figura humana clara em destaque; paleta predominante: preto, cinza, branco; texto em destaque provavelmente ligado a: SLEEP / GOD'S / WORD / CHANGE.",,
Encountering Peace,18,✨ God’s Healing Sleep Meditation 😴 | Improve Your Mental Health (3 HOURS),11235,20240605,153,N/D,03:00:44,https://www.youtube.com/watch?v=zfBdkqCpUwE,https://i.ytimg.com/vi/zfBdkqCpUwE/maxresdefault.jpg,,8,"Thumbnail média; não há figura humana clara em destaque; paleta predominante: marrom, preto, branco; texto em destaque provavelmente ligado a: HEALING / SLEEP / MEDITATION / IMPROVE.",,
Encountering Peace,19,Rest In The Holy Spirit of God's Realm 🌙🙏💤 | Guided Christian Meditation,10752,20230707,182,N/D,08:01:32,https://www.youtube.com/watch?v=m_b2FrV1nXE,https://i.ytimg.com/vi/m_b2FrV1nXE/maxresdefault.jpg,,11,"Thumbnail escura; não há figura humana clara em destaque; paleta predominante: preto, marrom, branco; texto visível: me ce i ag / ee ae seek / neuer 7 qn.",,
Encountering Peace,20,Rest In The Holy Spirit And God's Wisdom | Guided Christian Sleep Meditation,10502,20220402,245,N/D,01:58:56,https://www.youtube.com/watch?v=gI75Uu7xisk,https://i.ytimg.com/vi/gI75Uu7xisk/maxresdefault.jpg,,14,"Thumbnail escura; não há figura humana clara em destaque; paleta predominante: preto, verde, branco; texto visível: oleep / Made simple.",,
Encountering Peace,21,Meditation On Being Held By God | Truth From Scripture | Encountering Peace,10131,20220902,288,N/D,21:12,https://www.youtube.com/watch?v=HyG5VXOwgN4,https://i.ytimg.com/vi_webp/HyG5VXOwgN4/maxresdefault.webp,,25,"Thumbnail média; não há figura humana clara em destaque; paleta predominante: marrom, branco; texto em destaque provavelmente ligado a: MEDITATION / BEING / HELD / TRUTH.",,
Encountering Peace,22,Bible Verses To Sleep In God's Kingdom | Christian Guided Sleep Meditation,9794,20230421,135,N/D,08:08:14,https://www.youtube.com/watch?v=U9b9DgxVj0w,https://i.ytimg.com/vi/U9b9DgxVj0w/maxresdefault.jpg,,13,"Thumbnail escura; não há figura humana clara em destaque; paleta predominante: preto, marrom, branco; texto em destaque provavelmente ligado a: BIBLE / VERSES / SLEEP / GOD'S.",,
Encountering Peace,23,Bible Verses To Sleep In The Mind of Jesus | Christian Guided Sleep Meditation,9738,20220624,291,N/D,21:11,https://www.youtube.com/watch?v=YLM_X7_Huq0,https://i.ytimg.com/vi_webp/YLM_X7_Huq0/maxresdefault.webp,,19,"Thumbnail escura; há figura humana/rosto em destaque; paleta predominante: marrom, preto, branco; texto visível: Divine Resi_.",,
Encountering Peace,24,Easter Season | The Cross of Christ | Morning Prayer and Meditation on Jesus | Encountering Peace,9725,20220415,378,N/D,22:17,https://www.youtube.com/watch?v=FEl2abRAp2g,https://i.ytimg.com/vi/FEl2abRAp2g/maxresdefault.jpg,,25,"Thumbnail clara; há figura humana/rosto em destaque; paleta predominante: branco, cinza; texto em destaque provavelmente ligado a: EASTER / SEASON / CROSS / CHRIST.",,
Encountering Peace,25,"Bible Verses To Sleep In the Presence of Father, Son, and Spirit 🙏💤 | Guided Christian Meditation",9622,20230722,187,N/D,08:08:50,https://www.youtube.com/watch?v=Cwtma1wjgqo,https://i.ytimg.com/vi/Cwtma1wjgqo/maxresdefault.jpg,,23,"Thumbnail média; não há figura humana clara em destaque; paleta predominante: preto, cinza, branco; texto em destaque provavelmente ligado a: BIBLE / VERSES / SLEEP / PRESENCE.",,
Encountering Peace,26,Rest In The Holy Spirit to Find Answers From God | Guided Christian Meditation in Faith and Hope 😴 💤,9545,20230909,173,N/D,08:03:34,https://www.youtube.com/watch?v=dYPkoJPuki8,https://i.ytimg.com/vi/dYPkoJPuki8/maxresdefault.jpg,,26,"Thumbnail escura; não há figura humana clara em destaque; paleta predominante: preto, cinza, branco; texto em destaque provavelmente ligado a: REST / HOLY / SPIRIT / FIND.",,
Encountering Peace,27,Listen to this Evening Prayer and Fall Asleep Fast | Guided Christian Sleep Meditation,9133,20221120,46,N/D,01:04:05,https://www.youtube.com/watch?v=HNGnrigUVpw,https://i.ytimg.com/vi/HNGnrigUVpw/maxresdefault.jpg,,8,"Thumbnail escura; não há figura humana clara em destaque; paleta predominante: preto, marrom, branco; texto em destaque provavelmente ligado a: EVENING / FALL / ASLEEP / FAST.",,
Encountering Peace,28,Fall Asleep Fast by Reading Isaiah | Guided Christian Sleep Meditation,8738,20230209,163,N/D,03:01:45,https://www.youtube.com/watch?v=dtj30vXllPc,https://i.ytimg.com/vi/dtj30vXllPc/maxresdefault.jpg,,9,"Thumbnail média; não há figura humana clara em destaque; paleta predominante: roxo, rosa, marrom; texto em destaque provavelmente ligado a: FALL / ASLEEP / FAST / READING.",,
Encountering Peace,29,Rest In The Holy Spirit Calming Your Storms | Guided Christian Sleep Meditation,8547,20210626,147,N/D,23:20,https://www.youtube.com/watch?v=My-VBZ3BiEk,https://i.ytimg.com/vi/My-VBZ3BiEk/maxresdefault.jpg,,14,"Thumbnail média; não há figura humana clara em destaque; paleta predominante: cinza, preto, rosa; texto visível: Resi In / The spirii.",,
Encountering Peace,30,Meditation For God To Hear You | Guided Christian Prayer | Encountering Peace,8528,20220819,227,N/D,21:17,https://www.youtube.com/watch?v=BVvMlxb4bfI,https://i.ytimg.com/vi_webp/BVvMlxb4bfI/maxresdefault.webp,,13,"Thumbnail média; não há figura humana clara em destaque; paleta predominante: roxo, preto, cinza; texto em destaque provavelmente ligado a: MEDITATION / HEAR / GUIDED / ENCOUNTERING.",,
PrayernuggetsTv,1,Daily Prayers and Inspiration Christian Channel,1764,20200930,5,N/D,50,https://www.youtube.com/watch?v=vLUJck1Zuhg,https://i.ytimg.com/vi_webp/vLUJck1Zuhg/maxresdefault.webp,,N/D,"Thumbnail média; não há figura humana clara em destaque; paleta predominante: branco, preto, cinza; texto em destaque provavelmente ligado a: INSPIRATION / CHANNEL.",,
PrayernuggetsTv,2,The names of God! Jehovah El Ashiyb-The Lord My Restorer,1566,20211206,25,N/D,15:53,https://www.youtube.com/watch?v=Fjo46cNKI_c,https://i.ytimg.com/vi_webp/Fjo46cNKI_c/maxresdefault.webp,,11,"Thumbnail média; há figura humana/rosto em destaque; paleta predominante: vermelho, rosa, cinza; texto em destaque provavelmente ligado a: NAMES / LORD / RESTORER.",,
PrayernuggetsTv,3,"Wisdom nuggets from from Proverbs-Good people are good to their animals, bad people abuse them!",985,20220115,7,N/D,05:19,https://www.youtube.com/watch?v=AHO7MiM9jvk,https://i.ytimg.com/vi/AHO7MiM9jvk/sddefault.jpg,,N/D,"Thumbnail média; não há figura humana clara em destaque; paleta predominante: rosa, preto, branco; texto em destaque provavelmente ligado a: WISDOM / NUGGETS / PROVERBS / GOOD.",,
PrayernuggetsTv,4,Attacks Are Of The Devil! They Are Not The Lord’s Doing,903,20201201,15,N/D,12:49,https://www.youtube.com/watch?v=MTceKp-bzhc,https://i.ytimg.com/vi_webp/MTceKp-bzhc/maxresdefault.webp,,3,"Thumbnail clara; há figura humana/rosto em destaque; paleta predominante: laranja, branco, marrom; texto em destaque provavelmente ligado a: ATTACKS / DEVIL / LORD / DOING.",,
PrayernuggetsTv,5,Wisdom nuggets from Proverbs-Take good counsel to succeed in your plans,511,20220201,7,N/D,08:29,https://www.youtube.com/watch?v=s0cG8XVIIZo,https://i.ytimg.com/vi/s0cG8XVIIZo/sddefault.jpg,,2,"Thumbnail média; não há figura humana clara em destaque; paleta predominante: verde, preto, branco; texto em destaque provavelmente ligado a: WISDOM / NUGGETS / PROVERBS / TAKE.",,
PrayernuggetsTv,6,Prayer Points! What are Prayer Points? They are important prayer tools.,454,20201219,9,N/D,21:30,https://www.youtube.com/watch?v=XB5sNmAPlLM,https://i.ytimg.com/vi/XB5sNmAPlLM/maxresdefault.jpg,,N/D,"Thumbnail média; há figura humana/rosto em destaque; paleta predominante: verde, preto, cinza; texto em destaque provavelmente ligado a: POINTS / TOOLS.",,
PrayernuggetsTv,7,Wisdom nuggets from Proverbs-Answering before listening is both stupid and rude; listen then speak!,416,20220208,5,N/D,07:16,https://www.youtube.com/watch?v=3AZ8r7zAql8,https://i.ytimg.com/vi/3AZ8r7zAql8/sddefault.jpg,,N/D,"Thumbnail média; não há figura humana clara em destaque; paleta predominante: amarelo, branco, preto; texto em destaque provavelmente ligado a: WISDOM / NUGGETS / PROVERBS / ANSWERING.",,
PrayernuggetsTv,8,The names of God! EL Nekamoth-The God who avenges,315,20211103,6,N/D,07:21,https://www.youtube.com/watch?v=27w853RP3OQ,https://i.ytimg.com/vi_webp/27w853RP3OQ/maxresdefault.webp,,N/D,"Thumbnail média; há figura humana/rosto em destaque; paleta predominante: rosa, marrom; texto em destaque provavelmente ligado a: NAMES / NEKAMOTH / AVENGES.",,
PrayernuggetsTv,9,Crucify your flesh! Put on righteousness. Dress yourselves in Christ’s compassion and kindness,286,20230515,6,N/D,09:50,https://www.youtube.com/watch?v=V7fidvimJBg,https://i.ytimg.com/vi_webp/V7fidvimJBg/maxresdefault.webp,,N/D,"Thumbnail média; há figura humana/rosto em destaque; paleta predominante: branco, cinza, marrom; texto visível: Name ais /- i: él / KEES i ne ti i Wh ike / QS AA: al wt a a Ti i ny.",,
PrayernuggetsTv,10,The names of God! Jehovah Maginnenu-The Lord our Defence,284,20211023,1,N/D,06:20,https://www.youtube.com/watch?v=AL6O7TWMj1U,https://i.ytimg.com/vi_webp/AL6O7TWMj1U/maxresdefault.webp,,N/D,"Thumbnail média; há figura humana/rosto em destaque; paleta predominante: rosa, marrom, amarelo; texto em destaque provavelmente ligado a: NAMES / JEHOVAH / MAGINNENU / LORD.",,
PrayernuggetsTv,11,Wisdom nuggets from Proverbs-The home of the upright hold together!,281,20220113,2,N/D,04:23,https://www.youtube.com/watch?v=Xjd2Q-rCjHs,https://i.ytimg.com/vi/Xjd2Q-rCjHs/sddefault.jpg,,N/D,"Thumbnail média; não há figura humana clara em destaque; paleta predominante: roxo, branco, preto; texto em destaque provavelmente ligado a: WISDOM / NUGGETS / PROVERBS / HOME.",,
PrayernuggetsTv,12,Stand Your Ground! Put on the armor of God so when the evil days come you will stand updated,279,20201229,4,N/D,25:08:00,https://www.youtube.com/watch?v=L7nycifciiI,https://i.ytimg.com/vi/L7nycifciiI/maxresdefault.jpg,,N/D,"Thumbnail média; há figura humana/rosto em destaque; paleta predominante: amarelo, preto, marrom; texto visível: ay f Be / dag: a POAC VOLT VAIIT I.",,
PrayernuggetsTv,13,The names of God! Jehovah Goelekh-The Lord our Redeemer,270,20211101,4,N/D,05:14,https://www.youtube.com/watch?v=4y3JQ_OKGcA,https://i.ytimg.com/vi_webp/4y3JQ_OKGcA/maxresdefault.webp,,N/D,"Thumbnail média; há figura humana/rosto em destaque; paleta predominante: verde, marrom, rosa; texto em destaque provavelmente ligado a: NAMES / JEHOVAH / GOELEKH / LORD.",,
PrayernuggetsTv,14,Quit all idolatry! That’s not what Christ is about. Don’t use people or religion for selfish gains.,267,20230719,6,N/D,08:16,https://www.youtube.com/watch?v=Ioj0Ez0ZiOw,https://i.ytimg.com/vi_webp/Ioj0Ez0ZiOw/maxresdefault.webp,,3,"Thumbnail clara; há figura humana/rosto em destaque; paleta predominante: branco, cinza, marrom; texto em destaque provavelmente ligado a: QUIT / IDOLATRY / CHRIST / ABOUT.",,
PrayernuggetsTv,15,The names of God! Jehovah Pelet-The Lord My Deliverer,176,20211204,6,N/D,19:50,https://www.youtube.com/watch?v=k-lInJDblIY,https://i.ytimg.com/vi_webp/k-lInJDblIY/maxresdefault.webp,,1,"Thumbnail média; há figura humana/rosto em destaque; paleta predominante: verde, cinza, marrom; texto em destaque provavelmente ligado a: NAMES / LORD / DELIVERER.",,
PrayernuggetsTv,16,Sign and Wonder! Jesus raised the dead. He prayed and shouted; Lazarus come out and he did.,142,20240118,3,N/D,03:37,https://www.youtube.com/watch?v=cEYfKedgu3U,https://i.ytimg.com/vi_webp/cEYfKedgu3U/maxresdefault.webp,,N/D,"Thumbnail média; há figura humana/rosto em destaque; paleta predominante: branco, cinza, vermelho; texto em destaque provavelmente ligado a: SIGN / WONDER / JESUS / RAISED.",,
PrayernuggetsTv,17,"Preachers, take care of your own soul! Don’t preach to everyone else but become a castaway.",141,20240925,1,N/D,36:36:00,https://www.youtube.com/watch?v=Q-gSnsh9wLw,https://i.ytimg.com/vi_webp/Q-gSnsh9wLw/maxresdefault.webp,,N/D,"Thumbnail escura; não há figura humana clara em destaque; paleta predominante: preto, marrom, branco; texto visível: Wisdom Nuggets / Prayer / Channel.",,
PrayernuggetsTv,18,Don’t fall! Grow in understanding of God so you are not led astray by the error of wicked people.,140,20240710,4,N/D,05:44,https://www.youtube.com/watch?v=09c55202oJU,https://i.ytimg.com/vi_webp/09c55202oJU/maxresdefault.webp,,3,"Thumbnail média; há figura humana/rosto em destaque; paleta predominante: branco, cinza, marrom; texto em destaque provavelmente ligado a: FALL / GROW / UNDERSTANDING / ASTRAY.",,
PrayernuggetsTv,19,Oh Give Thanks To The Lord! For He is Good and His Mercy Endures Forever.,137,20240417,3,N/D,03:21,https://www.youtube.com/watch?v=5Bcr5bDjoZo,https://i.ytimg.com/vi/5Bcr5bDjoZo/sddefault.jpg,,N/D,"Thumbnail média; há figura humana/rosto em destaque; paleta predominante: rosa, preto, marrom; texto em destaque provavelmente ligado a: GIVE / THANKS / LORD / GOOD.",,
PrayernuggetsTv,20,Wisdom nuggets from Proverbs-The right word at the right time is beautiful,135,20220128,4,N/D,08:59,https://www.youtube.com/watch?v=c-tgp_m0OsE,https://i.ytimg.com/vi/c-tgp_m0OsE/sddefault.jpg,,N/D,"Thumbnail média; não há figura humana clara em destaque; paleta predominante: rosa, preto, branco; texto em destaque provavelmente ligado a: WISDOM / NUGGETS / PROVERBS / RIGHT.",,
PrayernuggetsTv,21,Always give thanks to God! Give thanks to God the Father for everything in the name of Jesus Christ,124,20230729,3,N/D,06:53,https://www.youtube.com/watch?v=t88rAsvRqCw,https://i.ytimg.com/vi/t88rAsvRqCw/maxresdefault.jpg,,N/D,"Thumbnail média; há figura humana/rosto em destaque; paleta predominante: branco, marrom, cinza; texto em destaque provavelmente ligado a: ALWAYS / GIVE / THANKS / FATHER.",,
PrayernuggetsTv,22,Be a Doer of the word of God! Don’t let the word of God go in from one ear and out of the other,123,20230821,4,N/D,06:48,https://www.youtube.com/watch?v=jMMWVv2UXWM,https://i.ytimg.com/vi_webp/jMMWVv2UXWM/maxresdefault.webp,,N/D,"Thumbnail média; há figura humana/rosto em destaque; paleta predominante: branco, cinza, marrom; texto visível: may Pag wah r: / is ese SIE / UEIEES 3 Ares 4.",,
PrayernuggetsTv,23,God has put everything on the line for you!,119,20230401,4,N/D,04:57,https://www.youtube.com/watch?v=scjCMydbLz4,https://i.ytimg.com/vi/scjCMydbLz4/maxresdefault.jpg,,N/D,"Thumbnail média; há figura humana/rosto em destaque; paleta predominante: preto, marrom, rosa; texto em destaque provavelmente ligado a: EVERYTHING / LINE.",,
PrayernuggetsTv,24,Serve God humbly and quietly! Become what God has made you to be - Fulfil purpose,115,20230428,8,N/D,07:24,https://www.youtube.com/watch?v=CNQ4EvXU2hY,https://i.ytimg.com/vi/CNQ4EvXU2hY/maxresdefault.jpg,,1,"Thumbnail média; há figura humana/rosto em destaque; paleta predominante: preto, cinza, rosa; texto visível: boo rele / ihe a / : Daye S535 PAS EEEch Gly.",,
PrayernuggetsTv,25,"Stop telling lies! Reject falsehoods, defrauding and spreading rumours. Tell the truth to people.",110,20230709,2,N/D,07:14,https://www.youtube.com/watch?v=7QCSpsEUV6E,https://i.ytimg.com/vi_webp/7QCSpsEUV6E/maxresdefault.webp,,1,"Thumbnail média; há figura humana/rosto em destaque; paleta predominante: branco, cinza, marrom; texto visível: Ee ee irae SETI.",,
PrayernuggetsTv,26,Live in Harmony! Let people live in peace when they are alive not only when they are dead.,107,20230531,3,N/D,09:51,https://www.youtube.com/watch?v=Sz1Z9K80nn8,https://i.ytimg.com/vi_webp/Sz1Z9K80nn8/maxresdefault.webp,,N/D,"Thumbnail média; há figura humana/rosto em destaque; paleta predominante: branco, preto, cinza; texto em destaque provavelmente ligado a: LIVE / HARMONY / PEOPLE / PEACE.",,
PrayernuggetsTv,27,Healing Scriptures and Prayers,105,20210506,7,N/D,12:46,https://www.youtube.com/watch?v=Zp6ffzDnjD0,https://i.ytimg.com/vi_webp/Zp6ffzDnjD0/maxresdefault.webp,,1,"Thumbnail média; não há figura humana clara em destaque; paleta predominante: cinza, marrom, branco; texto em destaque provavelmente ligado a: HEALING / SCRIPTURES.",,
PrayernuggetsTv,28,Young people enjoy your youth!,92,20210519,5,N/D,09:37,https://www.youtube.com/watch?v=Z-STG2IBlM8,https://i.ytimg.com/vi_webp/Z-STG2IBlM8/maxresdefault.webp,,N/D,"Thumbnail média; há figura humana/rosto em destaque; paleta predominante: azul, rosa, marrom; texto em destaque provavelmente ligado a: YOUNG / PEOPLE / ENJOY / YOUTH.",,
PrayernuggetsTv,29,"If the foundation be destroyed, what can the righteous do?",88,20210820,4,N/D,20:33,https://www.youtube.com/watch?v=ENI1Ww7tHQo,https://i.ytimg.com/vi_webp/ENI1Ww7tHQo/maxresdefault.webp,,N/D,"Thumbnail média; há figura humana/rosto em destaque; paleta predominante: azul-petróleo, cinza, branco; texto em destaque provavelmente ligado a: FOUNDATION / RIGHTEOUS.",,
PrayernuggetsTv,30,True Religion! Serve God in spirit and in truth. Don’t use religion to serve yourself or crave evil.,88,20240930,4,N/D,10:35,https://www.youtube.com/watch?v=gz6sinyMFsQ,https://i.ytimg.com/vi/gz6sinyMFsQ/maxresdefault.jpg,,N/D,"Thumbnail escura; há figura humana/rosto em destaque; paleta predominante: preto, marrom, branco; texto visível: isdom Nuggets ad a / rayer / inannel.",,
DappyTKeys Piano Worship,1,Alone With GOD: 3 Hour Piano Worship Music for Prayer & Meditation | Christian Piano,50789766,20170529,318555,N/D,03:04:05,https://www.youtube.com/watch?v=fOB73qRVGJs,https://i.ytimg.com/vi_webp/fOB73qRVGJs/maxresdefault.webp,,20000,"Thumbnail média; não há figura humana clara em destaque; paleta predominante: preto, laranja, branco; texto visível: : wate oe a 4 nS / ey a ea / AD a tarts egy skeet 0 / ee ie a a a Joh 0 As Be.",,
DappyTKeys Piano Worship,2,"Holy Spirit: 4 Hour Prayer, Meditation & Relaxation Piano Music",13470782,20191230,69734,N/D,03:59:13,https://www.youtube.com/watch?v=ms1nD68I_X8,https://i.ytimg.com/vi/ms1nD68I_X8/maxresdefault.jpg,,2600,"Thumbnail escura; não há figura humana clara em destaque; paleta predominante: preto, branco; texto em destaque provavelmente ligado a: PIANO / MUSIC.",,
DappyTKeys Piano Worship,3,BE STILL: 1 Hour Piano Worship Music for Rest & Relaxation | | Christian Piano,11277671,20170209,65384,N/D,01:01:21,https://www.youtube.com/watch?v=A5r9skkZtN0,https://i.ytimg.com/vi_webp/A5r9skkZtN0/maxresdefault.webp,,3300,"Thumbnail média; há figura humana/rosto em destaque; paleta predominante: marrom, cinza, rosa; texto em destaque provavelmente ligado a: STILL / PIANO / WORSHIP / MUSIC.",,
DappyTKeys Piano Worship,4,In His Presence: 3 Hour Piano Worship Music for Prayer & Meditation,7624096,20170704,39168,N/D,03:04:33,https://www.youtube.com/watch?v=AaxVZB0-myE,https://i.ytimg.com/vi_webp/AaxVZB0-myE/maxresdefault.webp,,1600,"Thumbnail escura; não há figura humana clara em destaque; paleta predominante: preto, verde, rosa; texto em destaque provavelmente ligado a: PIANO / MUSIC.",,
DappyTKeys Piano Worship,5,Your Presence Is Heaven To Me - 1 Hour Piano Worship Music for Prayer,7552340,20151129,37748,N/D,01:00:31,https://www.youtube.com/watch?v=1Jwc8wgwdso,https://i.ytimg.com/vi_webp/1Jwc8wgwdso/maxresdefault.webp,,2500,"Thumbnail escura; não há figura humana clara em destaque; paleta predominante: preto, marrom, rosa; texto visível: YOUR PRESENCE / IS HEA TO ME / SIC.",,
DappyTKeys Piano Worship,6,Time With HOLY SPIRIT: 3 Hour Piano Music for Prayer & Meditation,6243665,20190101,49521,N/D,03:03:06,https://www.youtube.com/watch?v=M3mQvZmj3FQ,https://i.ytimg.com/vi_webp/M3mQvZmj3FQ/maxresdefault.webp,,2300,"Thumbnail escura; não há figura humana clara em destaque; paleta predominante: preto, marrom, rosa; texto visível: TIME WITH Bak / rk: S a / ow Ob Law.",,
DappyTKeys Piano Worship,7,Good Father: Christian Meditation & Prayer Music | Piano Worship,5705669,20170403,26299,N/D,46:04:00,https://www.youtube.com/watch?v=x1lmZC1cosM,https://i.ytimg.com/vi_webp/x1lmZC1cosM/maxresdefault.webp,,1000,"Thumbnail escura; não há figura humana clara em destaque; paleta predominante: preto, azul-petróleo, rosa; texto em destaque provavelmente ligado a: GOOD / FATHER / PIANO / MUSIC.",,
DappyTKeys Piano Worship,8,HOLY SPIRIT: 3 Hour Prayer Music | Christian Meditation Music,5372723,20191028,36194,N/D,02:58:03,https://www.youtube.com/watch?v=BriCF4tCgEY,https://i.ytimg.com/vi_webp/BriCF4tCgEY/maxresdefault.webp,,1300,"Thumbnail média; não há figura humana clara em destaque; paleta predominante: preto, marrom, amarelo; texto em destaque provavelmente ligado a: HOLY / SPIRIT / MUSIC / MEDITATION.",,
DappyTKeys Piano Worship,9,God's Promises: 3 Hour Piano Instrumental Music With Scriptures,4955473,20220124,28369,N/D,03:02:51,https://www.youtube.com/watch?v=kQZUJgM9CWE,https://i.ytimg.com/vi_webp/kQZUJgM9CWE/maxresdefault.webp,,1100,"Thumbnail média; não há figura humana clara em destaque; paleta predominante: marrom, preto, branco; texto visível: NAPPY T KFYS.",,
DappyTKeys Piano Worship,10,30 Minutes With Holy Spirit: Deep Prayer & Prophetic Worship Music,4848421,20200123,45350,N/D,30:10:00,https://www.youtube.com/watch?v=ytIOIOgS6-4,https://i.ytimg.com/vi/ytIOIOgS6-4/maxresdefault.jpg,,1500,"Thumbnail média; não há figura humana clara em destaque; paleta predominante: preto, marrom, branco; texto em destaque provavelmente ligado a: MINUTES / HOLY / SPIRIT.",,
DappyTKeys Piano Worship,11,Holy Spirit: 45 Minutes Piano Instrumental Music for Prayer,4656922,20161215,26469,N/D,46:17:00,https://www.youtube.com/watch?v=Q4kynE8W21I,https://i.ytimg.com/vi/Q4kynE8W21I/sddefault.jpg,,1200,"Thumbnail escura; não há figura humana clara em destaque; paleta predominante: preto, marrom, rosa; texto em destaque provavelmente ligado a: PIANO / INSTRUMENTAL / MUSIC.",,
DappyTKeys Piano Worship,12,Time With Holy Spirit: 3 Hour Piano Worship Music | Prayer Time Music,4248550,20191209,32672,N/D,02:57:13,https://www.youtube.com/watch?v=WUJAxpL8AMk,https://i.ytimg.com/vi/WUJAxpL8AMk/maxresdefault.jpg,,2100,"Thumbnail escura; não há figura humana clara em destaque; paleta predominante: preto, marrom, rosa; texto em destaque provavelmente ligado a: HOLY / SPIRIT.",,
DappyTKeys Piano Worship,13,Time ALONE with GOD: 3 Hour Peaceful Meditation & Prayer Music,4202025,20180604,39737,N/D,03:02:03,https://www.youtube.com/watch?v=octnJgXGmbU,https://i.ytimg.com/vi_webp/octnJgXGmbU/maxresdefault.webp,,1500,"Thumbnail escura; não há figura humana clara em destaque; paleta predominante: preto, rosa; texto em destaque provavelmente ligado a: TIME / ALONE.",,
DappyTKeys Piano Worship,14,Psalms & Hymns: Piano Instrumental Music for Prayer & Meditation,4056040,20170216,18487,N/D,45:51:00,https://www.youtube.com/watch?v=uWic84qBXx0,https://i.ytimg.com/vi_webp/uWic84qBXx0/maxresdefault.webp,,820,"Thumbnail média; não há figura humana clara em destaque; paleta predominante: cinza, rosa, preto; texto em destaque provavelmente ligado a: PSALMS / HYMNS / PIANO / INSTRUMENTAL.",,
DappyTKeys Piano Worship,15,Hymns & Psalms: 3 Hour of Piano Hymns for Prayer & Meditation,3960047,20180122,22959,N/D,03:03:57,https://www.youtube.com/watch?v=MGGS2pXR-bc,https://i.ytimg.com/vi_webp/MGGS2pXR-bc/maxresdefault.webp,,1200,"Thumbnail escura; há figura humana/rosto em destaque; paleta predominante: marrom, preto, laranja; texto em destaque provavelmente ligado a: HYMNS / PSALMS / PIANO / MEDITATION.",,
DappyTKeys Piano Worship,16,"Dwell In His Presence: 4 Hour Prayer, Meditation & Relaxation Soaking Music",3583572,20220822,16818,N/D,03:55:59,https://www.youtube.com/watch?v=hfJ7DyLW92A,https://i.ytimg.com/vi_webp/hfJ7DyLW92A/maxresdefault.webp,,542,"Thumbnail escura; não há figura humana clara em destaque; paleta predominante: preto, marrom, branco; texto em destaque provavelmente ligado a: DWELL / PRESENCE.",,
DappyTKeys Piano Worship,17,In Your Presence: 3 Hour Prayer Music | Christian Meditation Music,3429979,20171017,20633,N/D,03:19:40,https://www.youtube.com/watch?v=Z0zg_Uu_wFY,https://i.ytimg.com/vi_webp/Z0zg_Uu_wFY/maxresdefault.webp,,835,"Thumbnail escura; não há figura humana clara em destaque; paleta predominante: preto, rosa; texto visível: IN YOUR / PRESENCE.",,
DappyTKeys Piano Worship,18,Surrender All To God: Prayer & Meditation Music | Christian Piano With Scriptures,3352963,20230327,15431,N/D,03:04:07,https://www.youtube.com/watch?v=BFqf3bdn6Ns,https://i.ytimg.com/vi_webp/BFqf3bdn6Ns/maxresdefault.webp,,410,"Thumbnail média; não há figura humana clara em destaque; paleta predominante: preto, cinza, marrom; texto em destaque provavelmente ligado a: PIANO / MUSIC / SCRIPTURES.",,
DappyTKeys Piano Worship,19,In His Presence: 3 Hour Instrumental Music for Meditation & Prayer,3247610,20200406,24240,N/D,03:06:02,https://www.youtube.com/watch?v=Ak99STkJ7b4,https://i.ytimg.com/vi_webp/Ak99STkJ7b4/maxresdefault.webp,,1000,"Thumbnail escura; não há figura humana clara em destaque; paleta predominante: preto, azul; texto visível: 3 HOUR PIANO WORSHIP MUSIC WITH SCRIPTURES.",,
DappyTKeys Piano Worship,20,The Secret Place: 3 Hour Instrumental Soaking Worship | Prayer & Meditation Music,3215028,20230821,18760,N/D,03:01:42,https://www.youtube.com/watch?v=XiC3MV41Dpo,https://i.ytimg.com/vi_webp/XiC3MV41Dpo/maxresdefault.webp,,561,"Thumbnail escura; não há figura humana clara em destaque; paleta predominante: preto, marrom, branco; texto em destaque provavelmente ligado a: SECRET / PLACE.",,
DappyTKeys Piano Worship,21,Quiet Time With God: 3 Hour Peaceful Relaxation & Meditation Music,3119312,20210524,26364,N/D,02:58:04,https://www.youtube.com/watch?v=kYyP_cD-PNI,https://i.ytimg.com/vi/kYyP_cD-PNI/maxresdefault.jpg,,1000,"Thumbnail escura; não há figura humana clara em destaque; paleta predominante: preto, cinza; texto visível: DAPPY I KEYS Ne / 3 HOUR PIANO INSTRUMENTAL MUSIC / DADDY T KEYES.",,
DappyTKeys Piano Worship,22,SPEAK LORD: Quiet Time & Meditation Music | Prayer Music,3067359,20190819,29645,N/D,52:40:00,https://www.youtube.com/watch?v=66USuf9BaYc,https://i.ytimg.com/vi_webp/66USuf9BaYc/maxresdefault.webp,,1200,"Thumbnail escura; não há figura humana clara em destaque; paleta predominante: preto, azul-petróleo, rosa; texto em destaque provavelmente ligado a: SPEAK / LORD.",,
DappyTKeys Piano Worship,23,Prayer Time: 3 Hour Piano Worship Music for Meditation & Relaxation,3062286,20170221,20566,N/D,03:06:13,https://www.youtube.com/watch?v=kua9eXSaw1c,https://i.ytimg.com/vi_webp/kua9eXSaw1c/maxresdefault.webp,,1100,"Thumbnail média; há figura humana/rosto em destaque; paleta predominante: marrom, branco, cinza; texto em destaque provavelmente ligado a: TIME / PIANO / WORSHIP / MUSIC.",,
DappyTKeys Piano Worship,24,God's Promises of Healing & Comfort: 3 Hour Piano Music With Scriptures | Christian Piano,2971752,20220321,20028,N/D,03:03:13,https://www.youtube.com/watch?v=RdMBANILuYs,https://i.ytimg.com/vi_webp/RdMBANILuYs/maxresdefault.webp,,1100,"Thumbnail escura; não há figura humana clara em destaque; paleta predominante: preto, marrom, rosa; texto em destaque provavelmente ligado a: PROMISES / HEALING / COMFORT.",,
DappyTKeys Piano Worship,25,PRAYER TIME: 3 Hour Quiet Time & Meditation Music | Piano Worship,2893735,20181102,18654,N/D,03:01:45,https://www.youtube.com/watch?v=7sYyAK_xFpM,https://i.ytimg.com/vi_webp/7sYyAK_xFpM/maxresdefault.webp,,723,"Thumbnail escura; não há figura humana clara em destaque; paleta predominante: preto, marrom, rosa; texto visível: NAPPY T KFYS.",,
DappyTKeys Piano Worship,26,"8 Hour Relaxation, Sleep & Stress Relief Piano Instrumental Music",2884052,20180515,17281,N/D,08:15:16,https://www.youtube.com/watch?v=Rq22brY8Jx0,https://i.ytimg.com/vi_webp/Rq22brY8Jx0/maxresdefault.webp,,1000,"Thumbnail escura; não há figura humana clara em destaque; paleta predominante: preto, azul-petróleo, branco; texto em destaque provavelmente ligado a: SLEEP / MUSIC.",,
DappyTKeys Piano Worship,27,Faith & Strength: 3 Hour Quiet Time & Meditation Music | Christian Piano with Scriptures,2805846,20220131,15475,N/D,03:07:26,https://www.youtube.com/watch?v=x1xHJ35gSjY,https://i.ytimg.com/vi/x1xHJ35gSjY/maxresdefault.jpg,,600,"Thumbnail média; não há figura humana clara em destaque; paleta predominante: marrom, preto, branco; texto em destaque provavelmente ligado a: FAITH / STRENGTH / QUIET / TIME.",,
DappyTKeys Piano Worship,28,Comfort & Healing: 3 Hour Peaceful Music for Prayer & Meditation,2735873,20180718,19840,N/D,03:07:15,https://www.youtube.com/watch?v=pN36slk_R24,https://i.ytimg.com/vi_webp/pN36slk_R24/maxresdefault.webp,,949,"Thumbnail média; não há figura humana clara em destaque; paleta predominante: verde, preto, cinza; texto em destaque provavelmente ligado a: COMFORT / HEALING / PEACEFUL / MUSIC.",,
DappyTKeys Piano Worship,29,12 Hour Piano Worship Music With Black Screen for Sleep & Relaxation,2607278,20210430,16120,N/D,11:51:32,https://www.youtube.com/watch?v=emJJwGfHPzM,https://i.ytimg.com/vi_webp/emJJwGfHPzM/maxresdefault.webp,,336,"Thumbnail escura; não há figura humana clara em destaque; paleta predominante: preto, marrom, cinza; texto em destaque provavelmente ligado a: SLEEP / RELAXATION / MUSIC / BLACK.",,
DappyTKeys Piano Worship,30,IT IS WELL: 1 Hour Piano Instrumental Music for Prayer & Meditation,2514162,20161202,12903,N/D,01:02:33,https://www.youtube.com/watch?v=AlIJ_PZqEVo,https://i.ytimg.com/vi_webp/AlIJ_PZqEVo/maxresdefault.webp,,884,"Thumbnail média; não há figura humana clara em destaque; paleta predominante: amarelo, preto, laranja; texto visível: Ne Chriuig td sole.",,